#node1	node2	node1_string_id	node2_string_id	neighborhood_on_chromosome	gene_fusion	phylogenetic_cooccurrence	homology	coexpression	experimentally_determined_interaction	database_annotated	automated_textmining	combined_score
ACOX2	CYP27A1	9606.ENSP00000307697	9606.ENSP00000258415	0	0	0	0	0.107	0.058	0	0.463	0.510
ACOX2	ACSF2	9606.ENSP00000307697	9606.ENSP00000401831	0.055	0	0	0	0.083	0	0	0.507	0.535
ACSF2	LCAT	9606.ENSP00000401831	9606.ENSP00000264005	0	0	0	0	0.063	0	0	0.442	0.454
ACSF2	DPYS	9606.ENSP00000401831	9606.ENSP00000276651	0	0	0	0	0.062	0	0	0.488	0.499
ACSS3	ALDH2	9606.ENSP00000449535	9606.ENSP00000261733	0.044	0	0	0	0.147	0.068	0.900	0.231	0.930
ACSS3	PPP1R14C	9606.ENSP00000449535	9606.ENSP00000355260	0	0	0	0	0	0	0	0.618	0.618
ACSS3	AOX1	9606.ENSP00000449535	9606.ENSP00000363832	0	0	0	0	0.082	0	0.800	0.106	0.821
ACSS3	SORCS2	9606.ENSP00000449535	9606.ENSP00000422185	0	0	0	0	0.066	0	0	0.521	0.534
ACTC1	VCL	9606.ENSP00000290378	9606.ENSP00000211998	0	0	0	0	0.063	0.077	0	0.613	0.636
ACTC1	CNN1	9606.ENSP00000290378	9606.ENSP00000252456	0	0	0	0	0.187	0.179	0	0.572	0.690
ACTC1	SMARCD3	9606.ENSP00000290378	9606.ENSP00000262188	0	0	0	0	0.062	0.213	0	0.380	0.502
ACTC1	NEXN	9606.ENSP00000290378	9606.ENSP00000333938	0	0	0	0	0.087	0.078	0	0.370	0.423
ACTC1	FBN1	9606.ENSP00000290378	9606.ENSP00000325527	0	0	0	0	0.063	0.077	0	0.438	0.472
ACTC1	S100A4	9606.ENSP00000290378	9606.ENSP00000357705	0	0	0	0	0.062	0	0	0.479	0.491
ACTC1	PLN	9606.ENSP00000290378	9606.ENSP00000350132	0	0	0	0	0.066	0	0	0.478	0.492
ACTC1	FLNC	9606.ENSP00000290378	9606.ENSP00000327145	0	0	0	0	0.117	0.160	0	0.398	0.515
ACTC1	DES	9606.ENSP00000290378	9606.ENSP00000363071	0	0	0	0	0.164	0.145	0	0.419	0.549
ACTC1	MYOCD	9606.ENSP00000290378	9606.ENSP00000401678	0	0	0	0	0.132	0	0	0.523	0.568
ACTC1	HSP90AA1	9606.ENSP00000290378	9606.ENSP00000335153	0	0	0	0	0.072	0.181	0	0.481	0.572
ACTC1	CFL2	9606.ENSP00000290378	9606.ENSP00000298159	0	0	0	0	0.065	0.255	0	0.474	0.601
ACTC1	LDB3	9606.ENSP00000290378	9606.ENSP00000401437	0	0	0	0	0.111	0.056	0	0.625	0.658
ACTC1	MYH11	9606.ENSP00000290378	9606.ENSP00000379616	0	0	0	0	0.066	0.369	0	0.621	0.757
ACTC1	TPM2	9606.ENSP00000290378	9606.ENSP00000367542	0	0	0	0	0.148	0.259	0.800	0.612	0.944
ADAM33	SCGB2A1	9606.ENSP00000348912	9606.ENSP00000244930	0	0	0	0	0	0	0	0.491	0.491
ADAM33	KCNMB1	9606.ENSP00000348912	9606.ENSP00000274629	0	0	0	0	0.049	0	0	0.431	0.435
ADAM33	TSLP	9606.ENSP00000348912	9606.ENSP00000339804	0	0	0	0	0	0	0	0.459	0.459
ADAM33	SNAI2	9606.ENSP00000348912	9606.ENSP00000380034	0	0	0	0	0.072	0	0	0.387	0.406
ADAM33	IL33	9606.ENSP00000348912	9606.ENSP00000370842	0	0	0	0	0.076	0	0	0.402	0.424
ADAMTS5	TGFB3	9606.ENSP00000284987	9606.ENSP00000238682	0	0	0	0	0.076	0.056	0	0.372	0.404
ADAMTS5	TIMP3	9606.ENSP00000284987	9606.ENSP00000266085	0	0	0	0	0.127	0.270	0	0.859	0.902
ADAMTS5	DDR2	9606.ENSP00000284987	9606.ENSP00000356899	0	0	0	0	0.167	0	0	0.327	0.415
ADAMTS5	BMP2	9606.ENSP00000284987	9606.ENSP00000368104	0	0	0	0	0.083	0.056	0	0.392	0.428
ADAMTS5	TMEM132C	9606.ENSP00000284987	9606.ENSP00000410852	0	0	0	0	0.069	0	0	0.462	0.477
ADAMTS5	SBSPON	9606.ENSP00000284987	9606.ENSP00000297354	0	0	0	0	0	0	0.900	0	0.900
ADAMTS5	THSD4	9606.ENSP00000284987	9606.ENSP00000347484	0	0	0	0.570	0	0	0.900	0.260	0.909
ADAMTS5	SPON1	9606.ENSP00000284987	9606.ENSP00000460236	0	0	0	0	0.096	0	0.900	0.220	0.923
ADRA2C	PRKCB	9606.ENSP00000386069	9606.ENSP00000305355	0	0	0	0	0.062	0.056	0.650	0.048	0.665
ADRA2C	FLNC	9606.ENSP00000386069	9606.ENSP00000327145	0	0	0	0	0.076	0	0	0.489	0.507
AGL	PYGL	9606.ENSP00000294724	9606.ENSP00000216392	0.185	0	0	0	0.659	0	0.900	0.774	0.992
AGL	PPP1R3C	9606.ENSP00000294724	9606.ENSP00000238994	0	0	0	0	0.161	0.077	0	0.585	0.650
AGL	PGM5	9606.ENSP00000294724	9606.ENSP00000379678	0	0	0	0	0.456	0	0	0.266	0.583
AHNAK2	CAV1	9606.ENSP00000353114	9606.ENSP00000339191	0	0	0	0	0.213	0	0	0.432	0.533
AHNAK2	MYOF	9606.ENSP00000353114	9606.ENSP00000352208	0	0	0	0	0.214	0	0	0.433	0.535
AKR1B1	ALDH2	9606.ENSP00000285930	9606.ENSP00000261733	0	0	0	0	0.109	0.102	0.650	0.433	0.820
AKR1B1	DPP4	9606.ENSP00000285930	9606.ENSP00000353731	0	0	0	0	0.062	0	0	0.391	0.404
AKR1B1	GPX7	9606.ENSP00000285930	9606.ENSP00000354677	0	0	0	0	0.095	0.056	0	0.371	0.416
AKR1B1	CFL2	9606.ENSP00000285930	9606.ENSP00000298159	0	0	0	0	0	0.427	0	0	0.427
AKR1B1	FHL2	9606.ENSP00000285930	9606.ENSP00000386665	0	0	0	0	0.428	0	0	0.058	0.438
AKR1B1	PGM5	9606.ENSP00000285930	9606.ENSP00000379678	0	0	0	0	0.232	0.148	0	0.216	0.442
AKR1B1	PRKCB	9606.ENSP00000285930	9606.ENSP00000305355	0	0	0	0	0	0	0	0.456	0.456
AKR1B1	GSTP1	9606.ENSP00000285930	9606.ENSP00000381607	0	0	0	0	0.112	0.140	0	0.425	0.523
ALDH2	NRXN3	9606.ENSP00000261733	9606.ENSP00000451648	0	0	0	0	0.060	0	0	0.398	0.409
ALDH2	PROM1	9606.ENSP00000261733	9606.ENSP00000426809	0	0	0	0	0	0	0	0.430	0.430
ALDH2	AOX1	9606.ENSP00000261733	9606.ENSP00000363832	0	0	0	0	0.066	0	0	0.429	0.443
ALDH2	GSTP1	9606.ENSP00000261733	9606.ENSP00000381607	0	0	0	0	0.064	0.104	0	0.425	0.475
ALDH2	S100A14	9606.ENSP00000261733	9606.ENSP00000357691	0	0	0	0	0	0	0	0.499	0.499
ALDH2	GSTM1	9606.ENSP00000261733	9606.ENSP00000311469	0	0	0	0	0.052	0.104	0	0.519	0.555
ALDH2	DPT	9606.ENSP00000261733	9606.ENSP00000356791	0	0	0	0	0.065	0	0	0.570	0.580
AMT	OAT	9606.ENSP00000273588	9606.ENSP00000357838	0	0	0	0	0.119	0	0	0.542	0.579
ANG	CXCL12	9606.ENSP00000336762	9606.ENSP00000379140	0	0	0	0	0	0	0	0.460	0.459
ANG	ANGPT1	9606.ENSP00000336762	9606.ENSP00000428340	0	0	0	0	0.064	0	0	0.605	0.614
ANG	RNASE4	9606.ENSP00000336762	9606.ENSP00000452245	0	0	0	0.861	0.838	0	0	0.365	0.846
ANGPT1	SERPINF1	9606.ENSP00000428340	9606.ENSP00000254722	0	0	0	0	0.062	0.062	0	0.428	0.452
ANGPT1	ITGA5	9606.ENSP00000428340	9606.ENSP00000293379	0	0	0	0	0	0.225	0.900	0.233	0.935
ANGPT1	MET	9606.ENSP00000428340	9606.ENSP00000317272	0	0	0	0	0	0.056	0.600	0.335	0.726
ANGPT1	CFH	9606.ENSP00000428340	9606.ENSP00000356399	0	0	0	0	0.098	0	0	0.405	0.441
ANGPT1	NES	9606.ENSP00000428340	9606.ENSP00000357206	0	0	0	0	0	0	0	0.454	0.454
ANGPT1	CXCL12	9606.ENSP00000428340	9606.ENSP00000379140	0	0	0	0	0	0	0	0.685	0.685
ANGPT1	FGFR2	9606.ENSP00000428340	9606.ENSP00000410294	0	0	0	0	0	0.135	0.600	0.206	0.701
ANGPT1	PROM1	9606.ENSP00000428340	9606.ENSP00000426809	0	0	0	0	0	0	0	0.404	0.404
ANGPTL2	ITGA5	9606.ENSP00000362524	9606.ENSP00000293379	0	0	0	0	0.080	0.056	0	0.498	0.526
ANGPTL2	COL16A1	9606.ENSP00000362524	9606.ENSP00000362776	0	0	0	0	0.292	0	0	0.231	0.433
ANGPTL4	PDK4	9606.ENSP00000301455	9606.ENSP00000005178	0	0	0	0	0.159	0	0	0.579	0.631
ANGPTL4	SMARCD3	9606.ENSP00000301455	9606.ENSP00000262188	0	0	0	0	0	0	0.900	0	0.900
ANGPTL4	PPARGC1A	9606.ENSP00000301455	9606.ENSP00000264867	0	0	0	0	0	0	0.900	0.391	0.936
ANGPTL4	ITGA5	9606.ENSP00000301455	9606.ENSP00000293379	0	0	0	0	0.066	0.056	0	0.408	0.433
ANO4	KANK4	9606.ENSP00000376703	9606.ENSP00000360195	0	0	0	0	0	0	0	0.421	0.421
ANO5	SGCG	9606.ENSP00000315371	9606.ENSP00000218867	0	0	0	0	0.073	0	0	0.653	0.664
ANO5	SGCA	9606.ENSP00000315371	9606.ENSP00000262018	0	0	0	0	0.065	0	0	0.681	0.688
ANO5	MYOF	9606.ENSP00000315371	9606.ENSP00000352208	0	0	0	0	0.052	0	0	0.458	0.464
ANO5	NELL2	9606.ENSP00000315371	9606.ENSP00000416341	0	0	0	0	0.075	0	0	0.811	0.817
ANXA1	CAPG	9606.ENSP00000366109	9606.ENSP00000263867	0	0.008	0	0	0.208	0	0	0.327	0.445
ANXA1	PROK1	9606.ENSP00000366109	9606.ENSP00000271331	0	0	0	0	0	0	0.500	0.041	0.499
ANXA1	GSTM1	9606.ENSP00000366109	9606.ENSP00000311469	0	0	0	0	0	0.057	0	0.445	0.455
ANXA1	CLU	9606.ENSP00000366109	9606.ENSP00000315130	0	0	0	0	0.062	0	0	0.390	0.403
ANXA1	HSP90AA1	9606.ENSP00000366109	9606.ENSP00000335153	0	0	0	0	0	0.056	0	0.528	0.536
ANXA1	EDN3	9606.ENSP00000366109	9606.ENSP00000337128	0	0	0	0	0	0	0.500	0.048	0.503
ANXA1	CAV1	9606.ENSP00000366109	9606.ENSP00000339191	0	0	0	0	0.175	0	0	0.391	0.476
ANXA1	MYOF	9606.ENSP00000366109	9606.ENSP00000352208	0	0	0	0	0.304	0.118	0	0.406	0.604
ANXA1	S100A4	9606.ENSP00000366109	9606.ENSP00000357705	0	0	0	0	0.366	0	0	0.413	0.611
ANXA1	S100A6	9606.ENSP00000366109	9606.ENSP00000357709	0	0	0	0	0.359	0.056	0	0.531	0.691
ANXA1	CCK	9606.ENSP00000366109	9606.ENSP00000379472	0	0	0	0	0	0	0.500	0.046	0.502
AOX1	CYP3A5	9606.ENSP00000363832	9606.ENSP00000222982	0	0	0	0	0.086	0	0.900	0.227	0.923
AOX1	DPYSL3	9606.ENSP00000363832	9606.ENSP00000343690	0.080	0	0.213	0	0.065	0	0	0.220	0.401
AOX1	CYP3A7	9606.ENSP00000363832	9606.ENSP00000480571	0	0	0	0	0.086	0	0.900	0.172	0.917
AQP3	SLC14A1	9606.ENSP00000297991	9606.ENSP00000390637	0	0	0	0	0	0	0	0.538	0.538
ASPA	OAT	9606.ENSP00000263080	9606.ENSP00000357838	0.209	0	0	0	0.145	0	0	0.210	0.419
ATP1A2	KCNJ8	9606.ENSP00000354490	9606.ENSP00000240662	0	0	0	0	0.062	0	0.540	0.171	0.611
ATP1A2	PPP1R14A	9606.ENSP00000354490	9606.ENSP00000301242	0	0	0	0	0.098	0	0	0.384	0.420
ATP1A2	SCN4B	9606.ENSP00000354490	9606.ENSP00000322460	0	0	0	0	0.310	0	0	0.274	0.478
ATP1A2	PLN	9606.ENSP00000354490	9606.ENSP00000350132	0	0	0	0	0.064	0.183	0.720	0.246	0.816
ATP1A2	SCN7A	9606.ENSP00000354490	9606.ENSP00000386796	0	0	0	0	0.083	0.153	0	0.289	0.400
ATP1A2	PRRT2	9606.ENSP00000354490	9606.ENSP00000456226	0	0	0	0	0.191	0	0	0.601	0.663
ATP1A2	FXYD1	9606.ENSP00000354490	9606.ENSP00000481244	0	0	0	0	0.205	0.243	0.800	0.311	0.906
ATP1A2	ATP1B1	9606.ENSP00000354490	9606.ENSP00000356790	0	0	0	0	0.109	0.791	0.800	0.714	0.987
ATP1B1	KCNJ8	9606.ENSP00000356790	9606.ENSP00000240662	0	0	0	0	0	0	0.540	0.152	0.593
ATP1B1	PTGIS	9606.ENSP00000356790	9606.ENSP00000244043	0	0	0	0	0	0	0	0.503	0.503
ATP1B1	KCNMB1	9606.ENSP00000356790	9606.ENSP00000274629	0	0	0	0	0	0	0	0.411	0.410
ATP1B1	PLN	9606.ENSP00000356790	9606.ENSP00000350132	0	0	0	0	0	0	0.720	0	0.720
ATP1B1	KANK4	9606.ENSP00000356790	9606.ENSP00000360195	0	0	0	0	0.062	0	0	0.516	0.526
ATP1B1	FXYD1	9606.ENSP00000356790	9606.ENSP00000481244	0	0	0	0	0.069	0.500	0.800	0.124	0.907
ATRNL1	PRIMA1	9606.ENSP00000347152	9606.ENSP00000376848	0	0	0	0	0.097	0	0	0.384	0.420
B3GNT8	VSIG2	9606.ENSP00000312700	9606.ENSP00000318684	0	0	0	0	0.074	0	0	0.460	0.478
B3GNT8	MUC4	9606.ENSP00000312700	9606.ENSP00000417498	0	0	0	0	0	0	0.900	0	0.900
BCL11A	ID2	9606.ENSP00000338774	9606.ENSP00000234091	0	0	0	0	0	0.077	0	0.392	0.414
BCL11A	JAZF1	9606.ENSP00000338774	9606.ENSP00000283928	0	0	0	0	0	0.069	0	0.467	0.482
BEX1	TCEAL2	9606.ENSP00000361813	9606.ENSP00000361866	0	0	0	0	0.312	0	0	0.322	0.514
BEX1	GPRASP1	9606.ENSP00000361813	9606.ENSP00000445683	0	0	0	0	0.097	0	0	0.688	0.706
BHMT2	FOLR1	9606.ENSP00000255192	9606.ENSP00000377284	0	0	0	0	0	0	0	0.467	0.467
BMP2	TGFBR3	9606.ENSP00000368104	9606.ENSP00000212355	0	0	0	0	0	0.056	0	0.391	0.400
BMP2	ID2	9606.ENSP00000368104	9606.ENSP00000234091	0	0	0	0	0	0	0	0.430	0.430
BMP2	BMP4	9606.ENSP00000368104	9606.ENSP00000245451	0	0	0	0.961	0.076	0	0.900	0.901	0.907
BMP2	NBL1	9606.ENSP00000368104	9606.ENSP00000289749	0	0	0	0	0.070	0.103	0.600	0.460	0.796
BMP2	SOSTDC1	9606.ENSP00000368104	9606.ENSP00000304930	0	0	0	0	0	0.462	0.900	0.334	0.961
BMP2	FBN1	9606.ENSP00000368104	9606.ENSP00000325527	0	0	0	0	0.091	0.078	0	0.826	0.842
BMP2	CAV1	9606.ENSP00000368104	9606.ENSP00000339191	0	0	0	0	0.088	0	0	0.400	0.430
BMP2	SMOC1	9606.ENSP00000368104	9606.ENSP00000355110	0	0	0	0	0.062	0	0	0.449	0.461
BMP2	NES	9606.ENSP00000368104	9606.ENSP00000357206	0	0	0	0	0.076	0	0	0.401	0.423
BMP2	CHRDL1	9606.ENSP00000368104	9606.ENSP00000361112	0	0	0	0	0	0.144	0.900	0.464	0.950
BMP2	DKK1	9606.ENSP00000368104	9606.ENSP00000363081	0	0	0	0	0.069	0	0	0.631	0.642
BMP2	ID3	9606.ENSP00000368104	9606.ENSP00000363689	0	0	0	0	0.073	0	0	0.420	0.439
BMP2	ID1	9606.ENSP00000368104	9606.ENSP00000365280	0	0	0	0	0.076	0	0	0.645	0.658
BMP2	NDP	9606.ENSP00000368104	9606.ENSP00000367301	0	0	0	0	0	0.094	0	0.441	0.472
BMP2	SNAI2	9606.ENSP00000368104	9606.ENSP00000380034	0	0	0	0	0.077	0	0	0.386	0.409
BMP2	COL4A6	9606.ENSP00000368104	9606.ENSP00000378340	0	0	0	0	0.076	0.246	0	0.242	0.425
BMP2	FGFR2	9606.ENSP00000368104	9606.ENSP00000410294	0	0	0	0	0.062	0.070	0	0.451	0.480
BMP2	CXCL12	9606.ENSP00000368104	9606.ENSP00000379140	0	0	0	0	0	0	0	0.695	0.695
BMP4	KRT14	9606.ENSP00000245451	9606.ENSP00000167586	0	0	0	0	0	0	0	0.457	0.457
BMP4	TGFBR3	9606.ENSP00000245451	9606.ENSP00000212355	0	0	0	0	0	0.056	0	0.391	0.400
BMP4	ID2	9606.ENSP00000245451	9606.ENSP00000234091	0	0	0	0	0	0	0	0.582	0.582
BMP4	ZNF423	9606.ENSP00000245451	9606.ENSP00000455426	0	0	0	0	0	0.057	0	0.392	0.402
BMP4	KLF5	9606.ENSP00000245451	9606.ENSP00000366915	0	0	0	0	0.088	0.057	0	0.370	0.411
BMP4	TCF21	9606.ENSP00000245451	9606.ENSP00000356857	0	0	0	0	0.062	0.056	0	0.400	0.423
BMP4	MYOCD	9606.ENSP00000245451	9606.ENSP00000401678	0	0	0	0	0.061	0	0	0.421	0.433
BMP4	SPRY2	9606.ENSP00000245451	9606.ENSP00000366306	0	0	0	0	0	0	0	0.435	0.435
BMP4	FOXF2	9606.ENSP00000245451	9606.ENSP00000259806	0	0	0	0	0.075	0.056	0	0.407	0.437
BMP4	SMOC1	9606.ENSP00000245451	9606.ENSP00000355110	0	0	0	0	0.049	0	0	0.440	0.445
BMP4	COL4A6	9606.ENSP00000245451	9606.ENSP00000378340	0	0	0	0	0.069	0.246	0	0.275	0.446
BMP4	ID4	9606.ENSP00000245451	9606.ENSP00000367972	0	0	0	0	0	0	0	0.459	0.459
BMP4	CXCL12	9606.ENSP00000245451	9606.ENSP00000379140	0	0	0	0	0	0	0	0.469	0.469
BMP4	HOXD13	9606.ENSP00000245451	9606.ENSP00000376322	0	0	0	0	0	0	0	0.474	0.474
BMP4	PROM1	9606.ENSP00000245451	9606.ENSP00000426809	0	0	0	0	0	0	0	0.492	0.491
BMP4	ID3	9606.ENSP00000245451	9606.ENSP00000363689	0	0	0	0	0.077	0	0	0.501	0.520
BMP4	FBN1	9606.ENSP00000245451	9606.ENSP00000325527	0	0	0	0	0.088	0.078	0	0.498	0.542
BMP4	FOXF1	9606.ENSP00000245451	9606.ENSP00000262426	0	0	0	0	0.070	0.056	0	0.551	0.571
BMP4	SNAI2	9606.ENSP00000245451	9606.ENSP00000380034	0	0	0	0	0.088	0	0	0.559	0.580
BMP4	GATA3	9606.ENSP00000245451	9606.ENSP00000368632	0	0	0	0	0.099	0.105	0	0.539	0.596
BMP4	FGFR2	9606.ENSP00000245451	9606.ENSP00000410294	0	0	0	0	0.062	0.070	0	0.607	0.627
BMP4	NES	9606.ENSP00000245451	9606.ENSP00000357206	0	0	0	0	0.087	0	0	0.621	0.639
BMP4	ID1	9606.ENSP00000245451	9606.ENSP00000365280	0	0	0	0	0.089	0	0	0.626	0.645
BMP4	PITX2	9606.ENSP00000245451	9606.ENSP00000304169	0	0	0	0	0.076	0	0	0.671	0.683
BMP4	NBL1	9606.ENSP00000245451	9606.ENSP00000289749	0	0	0	0	0.069	0.103	0.600	0.247	0.715
BMP4	DKK1	9606.ENSP00000245451	9606.ENSP00000363081	0	0	0	0	0.105	0	0	0.737	0.755
BMP4	SOSTDC1	9606.ENSP00000245451	9606.ENSP00000304930	0	0	0	0	0	0.270	0.900	0.506	0.960
BMP4	CHRDL1	9606.ENSP00000245451	9606.ENSP00000361112	0	0	0	0	0	0.297	0.900	0.556	0.966
BNIPL	SCARA3	9606.ENSP00000357927	9606.ENSP00000301904	0	0	0	0	0	0	0	0.603	0.603
BNIPL	TPRG1	9606.ENSP00000357927	9606.ENSP00000341031	0	0	0	0	0	0	0	0.547	0.547
BST2	GBP1	9606.ENSP00000252593	9606.ENSP00000359504	0	0	0	0	0.132	0	0	0.391	0.449
BST2	LGALS3BP	9606.ENSP00000252593	9606.ENSP00000262776	0	0	0	0	0.310	0	0	0.299	0.496
BST2	GSTM1	9606.ENSP00000252593	9606.ENSP00000311469	0	0	0	0	0	0	0	0.679	0.679
C19orf33	PPP1R14A	9606.ENSP00000301246	9606.ENSP00000301242	0	0	0	0	0	0	0	0.767	0.767
C7	CLU	9606.ENSP00000322061	9606.ENSP00000315130	0	0	0	0	0	0.270	0.600	0.271	0.768
C7	CFD	9606.ENSP00000322061	9606.ENSP00000332139	0	0	0	0	0.064	0.077	0	0.379	0.417
CA14	SOD3	9606.ENSP00000358107	9606.ENSP00000371554	0	0	0	0	0.063	0	0	0.422	0.435
CACHD1	SCN4B	9606.ENSP00000290039	9606.ENSP00000322460	0	0	0	0	0.069	0	0	0.453	0.469
CACHD1	CACNB4	9606.ENSP00000290039	9606.ENSP00000438949	0	0	0	0	0.063	0.376	0.540	0.104	0.727
CACNB4	PRRT2	9606.ENSP00000438949	9606.ENSP00000456226	0	0	0	0	0.108	0	0	0.392	0.435
CAPNS2	PDE8B	9606.ENSP00000400882	9606.ENSP00000264917	0	0	0	0	0	0	0	0.556	0.556
CAPNS2	CLIP3	9606.ENSP00000400882	9606.ENSP00000353732	0	0	0	0	0.062	0	0	0.391	0.404
CARTPT	MAP1B	9606.ENSP00000296777	9606.ENSP00000296755	0	0	0	0	0.136	0	0	0.433	0.489
CARTPT	CHGB	9606.ENSP00000296777	9606.ENSP00000368244	0	0	0	0	0.233	0	0	0.323	0.459
CARTPT	PENK	9606.ENSP00000296777	9606.ENSP00000324248	0	0	0	0	0.174	0	0	0.390	0.474
CARTPT	CCK	9606.ENSP00000296777	9606.ENSP00000379472	0	0	0	0	0.380	0	0	0.681	0.793
CAV1	VCL	9606.ENSP00000339191	9606.ENSP00000211998	0	0	0	0	0.103	0.117	0	0.640	0.690
CAV1	CAV2	9606.ENSP00000339191	9606.ENSP00000222693	0	0	0	0.858	0.820	0.897	0.900	0.994	0.998
CAV1	CD38	9606.ENSP00000339191	9606.ENSP00000226279	0	0	0	0	0	0	0	0.441	0.441
CAV1	TGFB3	9606.ENSP00000339191	9606.ENSP00000238682	0	0	0	0	0.062	0	0.900	0.219	0.920
CAV1	PTGIS	9606.ENSP00000339191	9606.ENSP00000244043	0	0	0	0	0.062	0.270	0	0.661	0.747
CAV1	EHD2	9606.ENSP00000339191	9606.ENSP00000263277	0	0	0	0	0.302	0	0	0.528	0.656
CAV1	TIMP3	9606.ENSP00000339191	9606.ENSP00000266085	0	0	0	0	0.215	0	0	0.282	0.412
CAV1	KCNK3	9606.ENSP00000339191	9606.ENSP00000306275	0	0	0	0	0	0	0	0.529	0.529
CAV1	PRKCDBP	9606.ENSP00000339191	9606.ENSP00000307292	0	0	0	0	0.230	0.514	0	0.915	0.965
CAV1	MET	9606.ENSP00000339191	9606.ENSP00000317272	0	0	0	0	0.214	0.058	0	0.392	0.510
CAV1	DUOX1	9606.ENSP00000339191	9606.ENSP00000317997	0	0	0	0	0	0	0	0.445	0.445
CAV1	PGR	9606.ENSP00000339191	9606.ENSP00000325120	0	0	0	0	0	0.059	0	0.391	0.402
CAV1	HSP90AA1	9606.ENSP00000339191	9606.ENSP00000335153	0	0	0	0	0	0.270	0.900	0.863	0.989
CAV1	RND3	9606.ENSP00000339191	9606.ENSP00000364886	0	0	0	0	0.251	0.092	0	0.189	0.400
CAV1	S100A4	9606.ENSP00000339191	9606.ENSP00000357705	0	0	0	0	0.084	0	0	0.392	0.419
CAV1	DKK1	9606.ENSP00000339191	9606.ENSP00000363081	0	0	0	0	0.312	0	0	0.202	0.428
CAV1	MYOF	9606.ENSP00000339191	9606.ENSP00000352208	0	0	0	0	0.262	0	0	0.264	0.434
CAV1	CXCL12	9606.ENSP00000339191	9606.ENSP00000379140	0	0	0	0	0.096	0	0	0.403	0.437
CAV1	NES	9606.ENSP00000339191	9606.ENSP00000357206	0	0	0	0	0.130	0	0	0.424	0.477
CAV1	GPER1	9606.ENSP00000339191	9606.ENSP00000380281	0	0	0	0	0.060	0	0	0.528	0.537
CAV1	SNAI2	9606.ENSP00000339191	9606.ENSP00000380034	0	0	0	0	0.305	0	0	0.370	0.543
CAV1	EPHB1	9606.ENSP00000339191	9606.ENSP00000381097	0	0	0	0	0	0.058	0	0.748	0.753
CAV1	ID1	9606.ENSP00000339191	9606.ENSP00000365280	0	0	0	0	0.139	0.270	0	0.923	0.948
CAV1	DPP4	9606.ENSP00000339191	9606.ENSP00000353731	0	0	0	0	0	0	0	0.988	0.988
CAV1	TRPC1	9606.ENSP00000339191	9606.ENSP00000419313	0	0	0	0	0	0.843	0	0.987	0.998
CAV2	DPP4	9606.ENSP00000222693	9606.ENSP00000353731	0	0	0	0	0	0	0	0.416	0.416
CAV2	PRKCB	9606.ENSP00000222693	9606.ENSP00000305355	0	0	0	0	0.062	0	0	0.462	0.474
CAV2	MET	9606.ENSP00000222693	9606.ENSP00000317272	0	0	0	0	0.151	0.058	0	0.397	0.475
CAV2	MYOF	9606.ENSP00000222693	9606.ENSP00000352208	0	0	0	0	0.104	0	0	0.450	0.486
CAV2	EHD2	9606.ENSP00000222693	9606.ENSP00000263277	0	0	0	0	0.148	0	0	0.426	0.490
CAV2	PRKCDBP	9606.ENSP00000222693	9606.ENSP00000307292	0	0	0	0	0.105	0.094	0	0.614	0.660
CAV2	HSP90AA1	9606.ENSP00000222693	9606.ENSP00000335153	0	0	0	0	0	0	0.800	0.202	0.833
CCDC178	CCDC8	9606.ENSP00000372576	9606.ENSP00000303158	0	0	0	0	0	0	0	0.599	0.599
CCDC3	SERPINF1	9606.ENSP00000368102	9606.ENSP00000254722	0	0	0	0	0	0	0	0.467	0.467
CCDC3	CHODL	9606.ENSP00000368102	9606.ENSP00000299295	0	0	0	0	0	0	0	0.540	0.540
CCDC3	TPRG1	9606.ENSP00000368102	9606.ENSP00000341031	0	0	0	0	0	0	0	0.487	0.487
CCDC8	KRT14	9606.ENSP00000303158	9606.ENSP00000167586	0	0	0	0	0	0.486	0	0.062	0.497
CCDC8	CORO6	9606.ENSP00000303158	9606.ENSP00000344562	0	0	0	0	0	0	0	0.466	0.465
CCDC80	TGFBR3	9606.ENSP00000206423	9606.ENSP00000212355	0	0	0	0	0.062	0	0	0.410	0.423
CCDC80	FBN1	9606.ENSP00000206423	9606.ENSP00000325527	0	0	0	0	0.284	0	0	0.266	0.452
CCDC80	SRPX	9606.ENSP00000206423	9606.ENSP00000367794	0	0	0	0.574	0.123	0	0	0.909	0.461
CCDC80	COL6A1	9606.ENSP00000206423	9606.ENSP00000355180	0	0	0	0	0.233	0	0	0.360	0.489
CCDC80	COL9A1	9606.ENSP00000206423	9606.ENSP00000349790	0	0	0	0	0.062	0	0	0.483	0.495
CCDC80	MSMB	9606.ENSP00000206423	9606.ENSP00000463092	0	0	0	0	0	0	0	0.530	0.530
CCK	PROK1	9606.ENSP00000379472	9606.ENSP00000271331	0	0	0	0	0	0	0.500	0	0.499
CCK	CHRM1	9606.ENSP00000379472	9606.ENSP00000306490	0	0	0	0	0.469	0	0	0.256	0.589
CCK	PENK	9606.ENSP00000379472	9606.ENSP00000324248	0	0	0	0	0.158	0	0	0.573	0.625
CCK	EDN3	9606.ENSP00000379472	9606.ENSP00000337128	0	0	0	0	0.076	0	0.500	0.143	0.569
CCK	DPP4	9606.ENSP00000379472	9606.ENSP00000353731	0	0	0	0	0.053	0	0	0.503	0.509
CCK	CHGB	9606.ENSP00000379472	9606.ENSP00000368244	0	0	0	0	0.231	0	0	0.288	0.429
CCK	CPLX3	9606.ENSP00000379472	9606.ENSP00000378464	0	0	0	0	0.325	0	0	0.207	0.441
CCK	PHYHIP	9606.ENSP00000379472	9606.ENSP00000415491	0	0	0	0	0.463	0	0	0	0.463
CD177	OLFM4	9606.ENSP00000479536	9606.ENSP00000219022	0	0	0	0	0.088	0	0	0.524	0.547
CD200	CD38	9606.ENSP00000420298	9606.ENSP00000226279	0	0	0	0	0	0	0	0.519	0.519
CD200	KRT15	9606.ENSP00000420298	9606.ENSP00000254043	0	0	0	0	0	0	0	0.519	0.519
CD38	DPP4	9606.ENSP00000226279	9606.ENSP00000353731	0	0	0	0	0	0	0	0.427	0.426
CD38	CXCL12	9606.ENSP00000226279	9606.ENSP00000379140	0	0	0	0	0	0	0	0.505	0.505
CD38	PROM1	9606.ENSP00000226279	9606.ENSP00000426809	0	0	0	0	0	0	0	0.610	0.610
CD38	PRKCB	9606.ENSP00000226279	9606.ENSP00000305355	0	0	0	0	0.100	0	0.800	0.172	0.837
CFD	LGALS3BP	9606.ENSP00000332139	9606.ENSP00000262776	0	0	0	0	0	0	0	0.479	0.479
CFD	RARRES2	9606.ENSP00000332139	9606.ENSP00000418009	0	0	0	0	0.062	0	0	0.505	0.515
CFD	CFH	9606.ENSP00000332139	9606.ENSP00000356399	0	0	0	0	0.054	0	0	0.511	0.518
CFH	SERPINF1	9606.ENSP00000356399	9606.ENSP00000254722	0	0	0	0	0.089	0	0	0.456	0.483
CFH	TIMP3	9606.ENSP00000356399	9606.ENSP00000266085	0	0	0	0	0.111	0	0	0.518	0.553
CFH	CLU	9606.ENSP00000356399	9606.ENSP00000315130	0	0	0	0	0	0	0	0.601	0.601
CFH	FBLN5	9606.ENSP00000356399	9606.ENSP00000345008	0	0	0	0	0.131	0	0	0.478	0.527
CFH	EFEMP1	9606.ENSP00000356399	9606.ENSP00000378058	0	0	0	0	0.123	0	0	0.716	0.741
CFL2	CNN1	9606.ENSP00000298159	9606.ENSP00000252456	0	0	0	0	0.062	0.249	0	0.294	0.459
CFL2	FLNC	9606.ENSP00000298159	9606.ENSP00000327145	0	0	0	0	0.097	0.103	0	0.370	0.445
CFL2	TPM2	9606.ENSP00000298159	9606.ENSP00000367542	0	0	0	0	0.065	0.071	0	0.728	0.743
CHGB	PENK	9606.ENSP00000368244	9606.ENSP00000324248	0	0	0	0	0.126	0	0	0.548	0.588
CHGB	HMGCLL1	9606.ENSP00000368244	9606.ENSP00000381654	0	0	0	0	0.186	0	0	0.323	0.426
CHODL	NDNF	9606.ENSP00000299295	9606.ENSP00000369014	0	0	0	0	0	0	0	0.401	0.401
CHRDL1	SOSTDC1	9606.ENSP00000361112	9606.ENSP00000304930	0	0	0	0	0.065	0	0	0.683	0.691
CHRDL1	MFAP4	9606.ENSP00000361112	9606.ENSP00000378957	0	0	0	0	0.083	0	0	0.498	0.520
CHRM1	EHD2	9606.ENSP00000306490	9606.ENSP00000263277	0	0	0	0	0	0	0	0.427	0.427
CHRM1	CPLX3	9606.ENSP00000306490	9606.ENSP00000378464	0	0	0	0	0.371	0	0	0.112	0.417
CHRM1	PRIMA1	9606.ENSP00000306490	9606.ENSP00000376848	0	0	0	0	0.213	0	0	0.316	0.439
CHRM1	GPRASP1	9606.ENSP00000306490	9606.ENSP00000445683	0	0	0	0	0.130	0.462	0	0	0.511
CHRM1	EDN3	9606.ENSP00000306490	9606.ENSP00000337128	0	0	0	0	0.088	0	0.600	0	0.619
CHRM1	LPAR1	9606.ENSP00000306490	9606.ENSP00000363553	0	0	0	0	0	0	0.800	0.137	0.820
CHRM1	LAMB3	9606.ENSP00000306490	9606.ENSP00000375778	0	0	0	0	0.051	0	0.900	0	0.901
CHRM1	PAK7	9606.ENSP00000306490	9606.ENSP00000367686	0	0	0	0	0.075	0	0.900	0	0.903
CHRM1	CXCL12	9606.ENSP00000306490	9606.ENSP00000379140	0	0	0	0	0	0	0.900	0.083	0.904
CLCA2	KRT5	9606.ENSP00000359596	9606.ENSP00000252242	0	0	0	0	0.215	0	0	0.307	0.433
CLCA2	TRIM29	9606.ENSP00000359596	9606.ENSP00000343129	0	0	0	0	0.152	0	0	0.339	0.415
CLCA2	DSC3	9606.ENSP00000359596	9606.ENSP00000353608	0	0	0	0	0.129	0	0	0.429	0.481
CLCA2	CLCA4	9606.ENSP00000359596	9606.ENSP00000359594	0	0	0	0.916	0.088	0	0.900	0.710	0.910
CLCA4	EDIL3	9606.ENSP00000359594	9606.ENSP00000296591	0	0	0	0	0.070	0	0	0.594	0.606
CLIC6	GABRE	9606.ENSP00000290332	9606.ENSP00000359353	0	0	0	0	0	0	0.540	0.043	0.540
CLIP3	COX7A1	9606.ENSP00000353732	9606.ENSP00000292907	0	0	0	0	0.088	0	0	0.509	0.533
CLU	LGALS3BP	9606.ENSP00000315130	9606.ENSP00000262776	0	0	0	0	0.085	0	0	0.577	0.596
CLU	LCAT	9606.ENSP00000315130	9606.ENSP00000264005	0	0	0	0	0.062	0	0.720	0.450	0.842
CLU	PON3	9606.ENSP00000315130	9606.ENSP00000265627	0	0	0	0	0	0	0	0.535	0.535
CLU	SERPINA5	9606.ENSP00000315130	9606.ENSP00000333203	0	0	0	0	0.070	0	0	0.449	0.466
CLU	PTGDS	9606.ENSP00000315130	9606.ENSP00000360687	0	0	0	0	0.145	0	0	0.455	0.514
CLU	FERMT2	9606.ENSP00000315130	9606.ENSP00000342858	0	0	0	0	0.072	0	0	0.596	0.610
CNN1	RBPMS2	9606.ENSP00000252456	9606.ENSP00000300069	0	0	0	0	0.062	0	0	0.422	0.434
CNN1	KCNMB1	9606.ENSP00000252456	9606.ENSP00000274629	0	0	0	0	0.142	0	0	0.397	0.460
CNN1	CSRP1	9606.ENSP00000252456	9606.ENSP00000356275	0	0	0	0	0.100	0.167	0	0.359	0.478
CNN1	LDB3	9606.ENSP00000252456	9606.ENSP00000401437	0	0	0	0	0.063	0.067	0	0.545	0.567
CNN1	TPM2	9606.ENSP00000252456	9606.ENSP00000367542	0	0	0	0	0.237	0	0	0.475	0.582
CNN1	EHD2	9606.ENSP00000252456	9606.ENSP00000263277	0	0	0	0	0.106	0	0	0.642	0.666
CNN1	LMOD1	9606.ENSP00000252456	9606.ENSP00000356257	0	0	0	0	0.298	0	0	0.606	0.712
CNN1	MYOCD	9606.ENSP00000252456	9606.ENSP00000401678	0	0	0	0	0.142	0	0	0.689	0.722
CNN1	MYH11	9606.ENSP00000252456	9606.ENSP00000379616	0	0	0	0	0.572	0	0	0.793	0.908
CNRIP1	FBN1	9606.ENSP00000263655	9606.ENSP00000325527	0	0	0	0	0.107	0	0	0.360	0.404
CNTFR	CTF1	9606.ENSP00000368265	9606.ENSP00000279804	0	0	0	0	0	0	0.600	0.600	0.833
CNTFR	TSLP	9606.ENSP00000368265	9606.ENSP00000339804	0	0	0	0	0	0	0.600	0	0.600
CNTFR	PHYHIPL	9606.ENSP00000368265	9606.ENSP00000362987	0	0	0	0	0.265	0	0	0.403	0.542
COL13A1	NID2	9606.ENSP00000381949	9606.ENSP00000216286	0	0	0	0	0.076	0.260	0	0.219	0.420
COL13A1	COL9A1	9606.ENSP00000381949	9606.ENSP00000349790	0	0	0.350	0.699	0.053	0	0.300	0.307	0.428
COL13A1	COL6A1	9606.ENSP00000381949	9606.ENSP00000355180	0	0	0	0.639	0.182	0	0.300	0.391	0.481
COL13A1	COL16A1	9606.ENSP00000381949	9606.ENSP00000362776	0	0	0.259	0.719	0.099	0	0.300	0.460	0.459
COL13A1	COL4A6	9606.ENSP00000381949	9606.ENSP00000378340	0	0	0.390	0.685	0.056	0	0.300	0.352	0.452
COL16A1	FBN1	9606.ENSP00000362776	9606.ENSP00000325527	0	0	0	0	0.204	0.076	0	0.294	0.436
COL16A1	COL17A1	9606.ENSP00000362776	9606.ENSP00000340937	0	0	0	0.575	0.081	0	0.300	0.449	0.450
COL16A1	COL9A1	9606.ENSP00000362776	9606.ENSP00000349790	0	0	0.286	0.747	0.062	0	0.720	0.372	0.766
COL16A1	COL6A1	9606.ENSP00000362776	9606.ENSP00000355180	0	0	0	0.593	0.369	0	0.300	0.612	0.651
COL16A1	EFEMP1	9606.ENSP00000362776	9606.ENSP00000378058	0	0	0	0	0.225	0.076	0	0.246	0.413
COL16A1	LAMB3	9606.ENSP00000362776	9606.ENSP00000375778	0	0	0	0	0.087	0.072	0	0.376	0.425
COL16A1	COL4A6	9606.ENSP00000362776	9606.ENSP00000378340	0	0	0.340	0.652	0.062	0.169	0.300	0.353	0.530
COL17A1	KRT14	9606.ENSP00000340937	9606.ENSP00000167586	0	0	0	0	0.283	0	0	0.501	0.627
COL17A1	KRT5	9606.ENSP00000340937	9606.ENSP00000252242	0	0	0	0	0.288	0	0	0.438	0.582
COL17A1	COL6A1	9606.ENSP00000340937	9606.ENSP00000355180	0	0	0	0.602	0.062	0	0.300	0.415	0.421
COL17A1	UPK1A	9606.ENSP00000340937	9606.ENSP00000478942	0	0	0	0	0	0	0	0.461	0.461
COL17A1	DSC3	9606.ENSP00000340937	9606.ENSP00000353608	0	0	0	0	0.102	0.056	0	0.517	0.555
COL17A1	LAMB3	9606.ENSP00000340937	9606.ENSP00000375778	0	0	0	0	0.214	0.072	0.600	0.685	0.895
COL4A6	NID2	9606.ENSP00000378340	9606.ENSP00000216286	0	0	0	0	0.105	0.144	0	0.411	0.509
COL4A6	ITGA5	9606.ENSP00000378340	9606.ENSP00000293379	0	0	0	0	0.084	0	0.600	0.251	0.701
COL4A6	COL9A1	9606.ENSP00000378340	9606.ENSP00000349790	0	0	0.402	0.667	0.065	0	0.300	0.074	0.410
COL4A6	COL6A1	9606.ENSP00000378340	9606.ENSP00000355180	0	0	0	0.569	0.098	0	0.300	0.389	0.444
COL6A1	NID2	9606.ENSP00000355180	9606.ENSP00000216286	0	0	0	0	0.193	0.099	0	0.285	0.435
COL6A1	SGCG	9606.ENSP00000355180	9606.ENSP00000218867	0	0	0	0	0.069	0	0	0.392	0.409
COL6A1	SGCA	9606.ENSP00000355180	9606.ENSP00000262018	0	0	0	0	0.062	0	0	0.396	0.409
COL6A1	TIMP3	9606.ENSP00000355180	9606.ENSP00000266085	0	0	0	0	0.296	0	0	0.318	0.500
COL6A1	ITGA5	9606.ENSP00000355180	9606.ENSP00000293379	0	0	0	0	0.104	0	0.600	0.370	0.754
COL6A1	NEFH	9606.ENSP00000355180	9606.ENSP00000311997	0	0	0	0	0.052	0	0	0.569	0.574
COL6A1	SCN4B	9606.ENSP00000355180	9606.ENSP00000322460	0	0	0	0	0.078	0	0	0.492	0.512
COL6A1	FBN1	9606.ENSP00000355180	9606.ENSP00000325527	0	0	0	0	0.340	0.076	0	0.510	0.675
COL6A1	FLNC	9606.ENSP00000355180	9606.ENSP00000327145	0	0	0	0	0.297	0	0	0.307	0.492
COL6A1	COL9A1	9606.ENSP00000355180	9606.ENSP00000349790	0	0	0	0.617	0.062	0.285	0.300	0.454	0.573
COL6A1	ZBTB20	9606.ENSP00000355180	9606.ENSP00000419153	0	0	0	0	0	0.057	0	0.406	0.415
COL6A1	LAMB3	9606.ENSP00000355180	9606.ENSP00000375778	0	0	0	0	0.069	0.072	0	0.392	0.429
COL9A1	ITGA5	9606.ENSP00000349790	9606.ENSP00000293379	0	0	0	0	0	0	0.600	0	0.600
COL9A1	PRICKLE2	9606.ENSP00000349790	9606.ENSP00000295902	0	0	0	0	0	0	0	0.410	0.410
CORO6	LDB3	9606.ENSP00000344562	9606.ENSP00000401437	0	0	0	0	0.521	0	0	0.053	0.527
COX7A1	PPARGC1A	9606.ENSP00000292907	9606.ENSP00000264867	0	0	0	0	0	0	0	0.660	0.660
CPA6	DPYS	9606.ENSP00000297770	9606.ENSP00000276651	0.044	0	0	0	0	0.069	0	0.445	0.462
CPLX3	LMAN1L	9606.ENSP00000378464	9606.ENSP00000310431	0	0	0	0	0.546	0	0	0.453	0.741
CPLX3	RCAN2	9606.ENSP00000378464	9606.ENSP00000360425	0	0	0	0	0.112	0	0	0.596	0.626
CPLX3	LPAR1	9606.ENSP00000378464	9606.ENSP00000363553	0	0	0	0	0	0	0	0.556	0.556
CPLX3	TMEM132C	9606.ENSP00000378464	9606.ENSP00000410852	0	0	0	0	0.132	0	0	0.347	0.409
CPM	DPP4	9606.ENSP00000448517	9606.ENSP00000353731	0	0	0	0	0.063	0	0	0.398	0.412
CRISPLD2	WFDC1	9606.ENSP00000262424	9606.ENSP00000219454	0	0	0	0	0.062	0	0	0.417	0.429
CRYAB	TIMP3	9606.ENSP00000433560	9606.ENSP00000266085	0	0	0	0	0.174	0	0	0.435	0.514
CRYAB	SCN4B	9606.ENSP00000433560	9606.ENSP00000322460	0	0	0	0	0.284	0	0	0.251	0.440
CRYAB	FLNC	9606.ENSP00000433560	9606.ENSP00000327145	0	0	0	0	0.146	0.074	0	0.591	0.648
CRYAB	HSP90AA1	9606.ENSP00000433560	9606.ENSP00000335153	0	0	0	0	0.065	0.143	0.900	0.723	0.974
CRYAB	PTGDS	9606.ENSP00000433560	9606.ENSP00000360687	0	0	0	0	0.327	0	0	0.180	0.424
CRYAB	DES	9606.ENSP00000433560	9606.ENSP00000363071	0	0	0	0	0.130	0.317	0	0.116	0.430
CRYAB	LDB3	9606.ENSP00000433560	9606.ENSP00000401437	0	0	0	0	0.096	0	0	0.621	0.642
CRYAB	FAM107A	9606.ENSP00000433560	9606.ENSP00000419124	0	0	0	0	0.262	0	0	0.379	0.522
CRYAB	HSPB6	9606.ENSP00000433560	9606.ENSP00000468057	0	0	0	0.923	0.253	0.270	0	0.919	0.471
CSRP1	VCL	9606.ENSP00000356275	9606.ENSP00000211998	0	0	0	0	0.112	0.149	0	0.279	0.408
CSRP1	EVC2	9606.ENSP00000356275	9606.ENSP00000342144	0	0	0	0	0.062	0	0	0.569	0.579
CSRP1	DPYSL3	9606.ENSP00000356275	9606.ENSP00000343690	0	0	0	0	0	0.062	0	0.415	0.428
CSRP1	NDNF	9606.ENSP00000356275	9606.ENSP00000369014	0	0	0	0	0	0	0	0.458	0.458
CSRP1	TPM2	9606.ENSP00000356275	9606.ENSP00000367542	0	0	0	0	0.237	0.183	0	0.296	0.523
CSRP1	LDB3	9606.ENSP00000356275	9606.ENSP00000401437	0	0	0	0	0.187	0.149	0	0.382	0.535
CSRP1	TGFB1I1	9606.ENSP00000356275	9606.ENSP00000378332	0	0	0	0	0.195	0.149	0	0.395	0.549
CSRP1	MYH11	9606.ENSP00000356275	9606.ENSP00000379616	0	0	0	0	0.183	0.076	0	0.544	0.626
CSRP1	LMO3	9606.ENSP00000356275	9606.ENSP00000442786	0	0	0	0	0	0.059	0	0.764	0.768
CTTNBP2	NEXN	9606.ENSP00000160373	9606.ENSP00000333938	0	0	0	0	0	0	0	0.445	0.445
CTTNBP2	MET	9606.ENSP00000160373	9606.ENSP00000317272	0	0	0	0	0.048	0.120	0	0.642	0.673
CXCL12	TGFB3	9606.ENSP00000379140	9606.ENSP00000238682	0	0	0	0	0.088	0	0	0.458	0.484
CXCL12	TIMP3	9606.ENSP00000379140	9606.ENSP00000266085	0	0	0	0	0.152	0	0	0.370	0.442
CXCL12	ITGA5	9606.ENSP00000379140	9606.ENSP00000293379	0	0	0	0	0	0	0	0.404	0.404
CXCL12	PDPN	9606.ENSP00000379140	9606.ENSP00000294489	0	0	0	0	0.069	0	0	0.464	0.479
CXCL12	SEMA3E	9606.ENSP00000379140	9606.ENSP00000303212	0	0	0	0	0	0	0	0.401	0.400
CXCL12	MET	9606.ENSP00000379140	9606.ENSP00000317272	0	0	0	0	0	0	0	0.626	0.626
CXCL12	DPP4	9606.ENSP00000379140	9606.ENSP00000353731	0	0	0	0	0	0.679	0	0.660	0.886
CXCL12	NES	9606.ENSP00000379140	9606.ENSP00000357206	0	0	0	0	0.125	0	0	0.637	0.669
CXCL12	S100A4	9606.ENSP00000379140	9606.ENSP00000357705	0	0	0	0	0	0	0	0.464	0.463
CXCL12	DKK1	9606.ENSP00000379140	9606.ENSP00000363081	0	0	0	0	0	0	0	0.452	0.452
CXCL12	IL33	9606.ENSP00000379140	9606.ENSP00000370842	0	0	0	0	0.076	0	0	0.423	0.444
CXCL12	RARRES2	9606.ENSP00000379140	9606.ENSP00000418009	0	0	0	0	0.162	0	0	0.314	0.400
CXCL12	SNAI2	9606.ENSP00000379140	9606.ENSP00000380034	0	0	0	0	0.088	0	0	0.426	0.454
CXCL12	CXCL17	9606.ENSP00000379140	9606.ENSP00000472467	0	0	0	0	0	0.237	0	0.341	0.475
CXCL12	PROM1	9606.ENSP00000379140	9606.ENSP00000426809	0	0	0	0	0	0	0	0.681	0.681
CYP27A1	HSP90AA1	9606.ENSP00000258415	9606.ENSP00000335153	0	0	0	0	0	0.078	0	0.464	0.485
CYP27A1	CYP4B1	9606.ENSP00000258415	9606.ENSP00000360991	0	0	0.438	0.594	0.064	0.395	0	0.332	0.569
CYP27A1	VSIG2	9606.ENSP00000258415	9606.ENSP00000318684	0	0	0	0	0	0	0	0.764	0.764
CYP3A5	SRD5A2	9606.ENSP00000222982	9606.ENSP00000477587	0	0	0	0	0.063	0	0	0.395	0.409
CYP3A5	KCNMB1	9606.ENSP00000222982	9606.ENSP00000274629	0	0	0	0	0.088	0	0	0.397	0.426
CYP3A5	CYP4B1	9606.ENSP00000222982	9606.ENSP00000360991	0	0	0.442	0.673	0.082	0.249	0	0.587	0.494
CYP3A5	PTGIS	9606.ENSP00000222982	9606.ENSP00000244043	0	0	0	0	0.051	0	0	0.515	0.520
CYP3A5	GSTM5	9606.ENSP00000222982	9606.ENSP00000256593	0	0	0	0	0	0.056	0.650	0.143	0.692
CYP3A5	GSTO2	9606.ENSP00000222982	9606.ENSP00000345023	0	0	0	0	0.108	0	0.650	0.156	0.713
CYP3A5	GSTM2	9606.ENSP00000222982	9606.ENSP00000241337	0	0	0	0	0	0.056	0.650	0.281	0.741
CYP3A5	GSTM3	9606.ENSP00000222982	9606.ENSP00000256594	0	0	0	0	0	0.056	0.650	0.339	0.762
CYP3A5	GSTP1	9606.ENSP00000222982	9606.ENSP00000381607	0	0	0	0	0	0.056	0.650	0.518	0.826
CYP3A5	GSTM1	9606.ENSP00000222982	9606.ENSP00000311469	0	0	0	0	0	0.056	0.650	0.559	0.841
CYP3A5	CYP3A7	9606.ENSP00000222982	9606.ENSP00000480571	0	0	0.449	0.981	0.526	0.273	0.800	0.870	0.926
CYP3A7	PGR	9606.ENSP00000480571	9606.ENSP00000325120	0	0	0	0	0	0.073	0	0.499	0.515
CYP3A7	CYP4B1	9606.ENSP00000480571	9606.ENSP00000360991	0	0	0.443	0.676	0.082	0.249	0	0.572	0.490
CYP4B1	PDK4	9606.ENSP00000360991	9606.ENSP00000005178	0	0	0	0	0.062	0.394	0	0.059	0.418
CYP4B1	PTGIS	9606.ENSP00000360991	9606.ENSP00000244043	0	0	0	0	0.107	0.056	0	0.368	0.420
CYP4B1	MSMO1	9606.ENSP00000360991	9606.ENSP00000261507	0	0	0	0	0.065	0.260	0	0.207	0.403
CYS1	PTGER2	9606.ENSP00000371234	9606.ENSP00000245457	0	0	0	0	0	0	0	0.624	0.624
CYTL1	TEX26	9606.ENSP00000303550	9606.ENSP00000369840	0	0	0	0	0	0	0	0.568	0.568
DACT2	SMOC1	9606.ENSP00000355760	9606.ENSP00000355110	0	0	0	0	0	0	0	0.445	0.445
DDR2	TCF21	9606.ENSP00000356899	9606.ENSP00000356857	0	0	0	0	0.074	0	0	0.428	0.447
DDR2	S100A4	9606.ENSP00000356899	9606.ENSP00000357705	0	0	0	0	0.064	0	0	0.470	0.482
DES	VCL	9606.ENSP00000363071	9606.ENSP00000211998	0	0	0	0	0.052	0.062	0	0.398	0.417
DES	EFS	9606.ENSP00000363071	9606.ENSP00000216733	0	0	0	0	0.067	0	0	0.470	0.484
DES	NEXN	9606.ENSP00000363071	9606.ENSP00000333938	0	0	0	0	0.091	0	0	0.503	0.528
DES	LDB3	9606.ENSP00000363071	9606.ENSP00000401437	0	0	0	0	0.192	0.101	0	0.431	0.550
DES	TPM2	9606.ENSP00000363071	9606.ENSP00000367542	0	0	0	0	0.154	0	0.600	0.061	0.654
DIRAS3	SLC38A4	9606.ENSP00000360020	9606.ENSP00000389843	0	0	0	0	0	0.057	0	0.442	0.451
DKK1	FZD7	9606.ENSP00000363081	9606.ENSP00000286201	0	0	0	0	0.070	0.056	0	0.527	0.548
DKK1	WIF1	9606.ENSP00000363081	9606.ENSP00000286574	0	0	0	0	0	0	0	0.820	0.820
DKK1	SOSTDC1	9606.ENSP00000363081	9606.ENSP00000304930	0	0	0	0	0	0	0	0.458	0.458
DKK1	NES	9606.ENSP00000363081	9606.ENSP00000357206	0	0	0	0	0.076	0	0	0.384	0.406
DKK1	ID1	9606.ENSP00000363081	9606.ENSP00000365280	0	0	0	0	0.112	0	0	0.390	0.435
DKK1	SNAI2	9606.ENSP00000363081	9606.ENSP00000380034	0	0	0	0	0.193	0	0	0.392	0.488
DKK1	DKK3	9606.ENSP00000363081	9606.ENSP00000379762	0	0	0	0	0.076	0	0	0.811	0.818
DKK3	TIMP3	9606.ENSP00000379762	9606.ENSP00000266085	0	0	0	0	0.218	0.187	0	0.241	0.475
DKK3	FZD7	9606.ENSP00000379762	9606.ENSP00000286201	0	0	0	0	0.105	0.056	0	0.396	0.446
DKK3	WIF1	9606.ENSP00000379762	9606.ENSP00000286574	0	0	0	0	0.089	0	0	0.729	0.743
DPP4	PROM1	9606.ENSP00000353731	9606.ENSP00000426809	0	0	0	0	0	0	0	0.478	0.478
DPT	TGFB3	9606.ENSP00000356791	9606.ENSP00000238682	0	0	0	0	0.116	0	0	0.535	0.571
DPT	EMP3	9606.ENSP00000356791	9606.ENSP00000270221	0	0	0	0	0.066	0	0	0.573	0.584
DPT	FBN1	9606.ENSP00000356791	9606.ENSP00000325527	0	0	0	0	0.145	0	0	0.329	0.403
DPT	PRELP	9606.ENSP00000356791	9606.ENSP00000343924	0	0	0	0	0.186	0	0	0.496	0.572
DPT	MFAP4	9606.ENSP00000356791	9606.ENSP00000378957	0	0	0	0	0.290	0	0	0.293	0.476
DPYS	DPYSL3	9606.ENSP00000276651	9606.ENSP00000343690	0	0	0.449	0.962	0	0.675	0	0.818	0.690
DPYSL3	MAP1B	9606.ENSP00000343690	9606.ENSP00000296755	0	0	0	0	0.271	0.116	0	0.341	0.538
DPYSL3	JAM3	9606.ENSP00000343690	9606.ENSP00000299106	0	0	0	0	0.098	0	0.720	0.059	0.741
DPYSL3	LDB3	9606.ENSP00000343690	9606.ENSP00000401437	0	0	0	0	0.062	0	0.540	0	0.550
DSC3	KRT14	9606.ENSP00000353608	9606.ENSP00000167586	0	0	0	0	0.170	0	0	0.435	0.511
DSC3	VCL	9606.ENSP00000353608	9606.ENSP00000211998	0	0	0	0	0.062	0.159	0	0.345	0.438
DSC3	TGFB3	9606.ENSP00000353608	9606.ENSP00000238682	0	0	0	0	0	0.056	0	0.499	0.506
DSC3	KRT5	9606.ENSP00000353608	9606.ENSP00000252242	0	0	0	0	0.181	0.056	0	0.500	0.579
DSC3	SERPINB5	9606.ENSP00000353608	9606.ENSP00000372221	0	0	0	0	0.160	0	0	0.315	0.400
DUOX1	DUOXA1	9606.ENSP00000317997	9606.ENSP00000267803	0	0	0	0	0.206	0.703	0	0.978	0.994
DUOX1	GPX3	9606.ENSP00000317997	9606.ENSP00000373477	0	0	0	0	0	0	0	0.417	0.417
DUOX1	SOD3	9606.ENSP00000317997	9606.ENSP00000371554	0	0	0	0	0	0.104	0	0.431	0.469
EDIL3	PRDM5	9606.ENSP00000296591	9606.ENSP00000264808	0	0	0	0	0	0	0	0.534	0.534
EDIL3	FAM110C	9606.ENSP00000296591	9606.ENSP00000328347	0	0	0	0	0	0	0	0.567	0.567
EDN3	PROK1	9606.ENSP00000337128	9606.ENSP00000271331	0	0	0	0	0	0	0.500	0.291	0.630
EDN3	SNAI2	9606.ENSP00000337128	9606.ENSP00000380034	0	0	0	0	0	0	0	0.455	0.455
EFEMP1	TIMP3	9606.ENSP00000378058	9606.ENSP00000266085	0	0	0	0	0.199	0.213	0	0.974	0.982
EFEMP1	FBLN5	9606.ENSP00000378058	9606.ENSP00000345008	0	0	0	0.921	0.123	0	0.650	0.705	0.697
EFEMP1	MFAP4	9606.ENSP00000378058	9606.ENSP00000378957	0	0	0	0	0.098	0.104	0.600	0.095	0.668
EFS	RBP1	9606.ENSP00000216733	9606.ENSP00000232219	0	0	0	0	0.087	0	0	0.421	0.449
EHD2	PITX2	9606.ENSP00000263277	9606.ENSP00000304169	0	0	0	0	0	0	0	0.428	0.428
EHD2	FLRT3	9606.ENSP00000263277	9606.ENSP00000367292	0	0	0	0	0	0	0	0.611	0.611
EHD2	PRKCDBP	9606.ENSP00000263277	9606.ENSP00000307292	0	0	0	0	0.225	0	0	0.654	0.720
EHD2	MYOF	9606.ENSP00000263277	9606.ENSP00000352208	0	0	0	0	0.170	0.345	0	0.856	0.915
EMP3	ZNF711	9606.ENSP00000270221	9606.ENSP00000362260	0	0	0	0	0	0	0	0.442	0.442
EMP3	PLP2	9606.ENSP00000270221	9606.ENSP00000365505	0	0	0	0	0.211	0.295	0	0.106	0.459
EMP3	S100A4	9606.ENSP00000270221	9606.ENSP00000357705	0	0	0	0	0.417	0	0	0.159	0.489
EMP3	SCGB3A1	9606.ENSP00000270221	9606.ENSP00000292641	0	0	0	0	0	0	0	0.507	0.507
EMP3	SMOC1	9606.ENSP00000270221	9606.ENSP00000355110	0	0	0	0	0	0	0	0.511	0.511
ENHO	PCDH18	9606.ENSP00000382675	9606.ENSP00000355082	0	0	0	0	0	0	0	0.459	0.459
EPHA5	EPHB1	9606.ENSP00000480763	9606.ENSP00000381097	0	0	0	0.958	0.089	0	0.600	0.642	0.630
EPHB1	SEMA6D	9606.ENSP00000381097	9606.ENSP00000324857	0	0	0	0	0.079	0.061	0	0.438	0.472
ERC2	VSNL1	9606.ENSP00000288221	9606.ENSP00000384719	0	0	0	0	0.131	0	0	0.340	0.402
ERC2	PRICKLE2	9606.ENSP00000288221	9606.ENSP00000295902	0	0	0	0	0.095	0	0	0.393	0.428
ERC2	MAP1B	9606.ENSP00000288221	9606.ENSP00000296755	0	0	0	0	0.158	0.149	0	0.318	0.469
ETS2	PCP4	9606.ENSP00000353344	9606.ENSP00000329403	0	0	0	0	0	0	0	0.642	0.642
ETS2	KLF8	9606.ENSP00000353344	9606.ENSP00000417303	0	0	0	0	0	0.057	0	0.393	0.403
ETS2	GATA3	9606.ENSP00000353344	9606.ENSP00000368632	0	0	0	0	0.049	0.269	0	0.686	0.763
ETS2	ID1	9606.ENSP00000353344	9606.ENSP00000365280	0	0	0	0	0.062	0	0.800	0.434	0.884
ETV5	ID4	9606.ENSP00000306894	9606.ENSP00000367972	0	0	0	0	0	0	0	0.473	0.473
ETV5	SP8	9606.ENSP00000306894	9606.ENSP00000408792	0	0	0	0	0	0.057	0	0.467	0.475
ETV5	FGFR2	9606.ENSP00000306894	9606.ENSP00000410294	0	0	0	0	0	0	0	0.488	0.488
ETV5	SPRY2	9606.ENSP00000306894	9606.ENSP00000366306	0	0	0	0	0.108	0	0	0.580	0.609
EVC2	NDNF	9606.ENSP00000342144	9606.ENSP00000369014	0	0	0	0	0	0	0	0.452	0.452
EVC2	GPR161	9606.ENSP00000342144	9606.ENSP00000441039	0	0	0	0	0.062	0	0	0.624	0.633
F10	SERPINA5	9606.ENSP00000364709	9606.ENSP00000333203	0	0	0	0	0.121	0.277	0.650	0.390	0.846
FAM107A	GPM6A	9606.ENSP00000419124	9606.ENSP00000280187	0	0	0	0	0.399	0	0	0.330	0.580
FAM107A	NEXN	9606.ENSP00000419124	9606.ENSP00000333938	0	0	0	0	0	0.192	0	0.474	0.556
FAT4	LIX1	9606.ENSP00000377862	9606.ENSP00000274382	0	0	0	0	0.062	0.169	0	0.330	0.432
FAT4	PRICKLE2	9606.ENSP00000377862	9606.ENSP00000295902	0	0	0	0	0.092	0.183	0	0.388	0.507
FAT4	FRMD6	9606.ENSP00000377862	9606.ENSP00000343899	0	0	0	0	0.122	0.239	0	0.552	0.674
FAT4	PRRT2	9606.ENSP00000377862	9606.ENSP00000456226	0	0	0	0	0	0	0	0.433	0.433
FBLN5	SERPINF1	9606.ENSP00000345008	9606.ENSP00000254722	0	0	0	0	0.091	0	0	0.388	0.420
FBLN5	TIMP3	9606.ENSP00000345008	9606.ENSP00000266085	0	0	0	0	0.126	0	0	0.394	0.448
FBLN5	FBN1	9606.ENSP00000345008	9606.ENSP00000325527	0	0	0	0.695	0.140	0.297	0	0.979	0.557
FBLN5	PRELP	9606.ENSP00000345008	9606.ENSP00000343924	0	0	0	0	0.153	0.064	0	0.348	0.438
FBLN5	SERPINB1	9606.ENSP00000345008	9606.ENSP00000370115	0	0	0	0	0	0	0	0.575	0.575
FBLN5	SOD3	9606.ENSP00000345008	9606.ENSP00000371554	0	0	0	0	0.123	0.213	0	0.587	0.690
FBLN5	MFAP4	9606.ENSP00000345008	9606.ENSP00000378957	0	0	0	0	0.217	0.104	0.600	0.527	0.849
FBN1	NID2	9606.ENSP00000325527	9606.ENSP00000216286	0	0	0	0.544	0.314	0.059	0	0.417	0.447
FBN1	TGFB3	9606.ENSP00000325527	9606.ENSP00000238682	0	0	0	0	0.065	0.058	0	0.518	0.538
FBN1	TIMP3	9606.ENSP00000325527	9606.ENSP00000266085	0	0	0	0	0.186	0	0	0.378	0.472
FBN1	ITGA5	9606.ENSP00000325527	9606.ENSP00000293379	0	0	0	0	0.111	0.068	0.900	0.289	0.933
FBN1	FRMD6	9606.ENSP00000325527	9606.ENSP00000343899	0	0	0	0	0.161	0.219	0	0.159	0.401
FBN1	SNAI2	9606.ENSP00000325527	9606.ENSP00000380034	0	0	0	0	0.195	0.111	0	0.233	0.403
FBN1	THSD4	9606.ENSP00000325527	9606.ENSP00000347484	0	0	0	0	0.096	0	0	0.529	0.557
FBN1	MYH11	9606.ENSP00000325527	9606.ENSP00000379616	0	0	0	0	0.063	0	0	0.666	0.674
FBN1	MFAP4	9606.ENSP00000325527	9606.ENSP00000378957	0	0	0	0	0.174	0.317	0	0.658	0.791
FERMT2	TRIP6	9606.ENSP00000342858	9606.ENSP00000200457	0	0	0	0	0.076	0.155	0	0.409	0.498
FERMT2	VCL	9606.ENSP00000342858	9606.ENSP00000211998	0	0	0	0	0.096	0.680	0	0.668	0.895
FERMT2	ITGA5	9606.ENSP00000342858	9606.ENSP00000293379	0	0	0	0	0.063	0	0	0.474	0.486
FERMT2	LDB3	9606.ENSP00000342858	9606.ENSP00000401437	0	0	0	0	0.062	0.244	0	0.307	0.466
FERMT2	FHL1	9606.ENSP00000342858	9606.ENSP00000377710	0	0	0	0	0.080	0.356	0	0.184	0.475
FERMT2	FHL2	9606.ENSP00000342858	9606.ENSP00000386665	0	0	0	0	0.096	0.155	0	0.400	0.502
FERMT2	TGFB1I1	9606.ENSP00000342858	9606.ENSP00000378332	0	0	0	0	0.089	0.368	0	0.380	0.612
FEZ1	KIF1A	9606.ENSP00000278919	9606.ENSP00000438388	0	0	0	0	0.174	0.140	0	0.395	0.533
FEZ1	VSNL1	9606.ENSP00000278919	9606.ENSP00000384719	0	0	0	0	0.194	0	0	0.566	0.635
FGFBP1	KLF5	9606.ENSP00000371770	9606.ENSP00000366915	0	0	0	0	0.142	0	0	0.483	0.537
FGFBP1	SERPINB5	9606.ENSP00000371770	9606.ENSP00000372221	0	0	0	0	0.443	0	0	0.137	0.499
FGFBP1	PROM1	9606.ENSP00000371770	9606.ENSP00000426809	0	0	0	0	0	0	0	0.684	0.684
FGFBP1	FGFR2	9606.ENSP00000371770	9606.ENSP00000410294	0	0	0	0	0	0	0.900	0.260	0.922
FGFR2	TGFB3	9606.ENSP00000410294	9606.ENSP00000238682	0	0	0	0	0.062	0.070	0	0.378	0.410
FGFR2	MET	9606.ENSP00000410294	9606.ENSP00000317272	0	0	0	0.629	0.067	0.276	0	0.592	0.445
FGFR2	PGR	9606.ENSP00000410294	9606.ENSP00000325120	0	0	0	0	0	0.282	0	0.584	0.689
FGFR2	SPRY2	9606.ENSP00000410294	9606.ENSP00000366306	0	0	0	0	0	0.176	0.900	0.608	0.964
FGFR2	FLRT3	9606.ENSP00000410294	9606.ENSP00000367292	0	0	0	0	0.076	0.151	0	0.463	0.543
FGFR2	TPM2	9606.ENSP00000410294	9606.ENSP00000367542	0	0	0	0	0.065	0	0	0.397	0.412
FGFR2	NTF4	9606.ENSP00000410294	9606.ENSP00000469455	0	0	0	0	0	0	0.600	0.091	0.620
FGFR2	PDGFC	9606.ENSP00000410294	9606.ENSP00000422464	0	0	0	0	0	0	0.600	0.309	0.711
FHL1	GEM	9606.ENSP00000377710	9606.ENSP00000297596	0	0	0	0	0	0.136	0	0.408	0.467
FHL1	FLNC	9606.ENSP00000377710	9606.ENSP00000327145	0	0	0	0	0.116	0.059	0	0.407	0.464
FHL1	NEXN	9606.ENSP00000377710	9606.ENSP00000333938	0	0	0	0	0.049	0	0	0.455	0.460
FHL2	VCL	9606.ENSP00000386665	9606.ENSP00000211998	0	0	0	0	0.143	0.141	0	0.275	0.420
FHL2	RASL12	9606.ENSP00000386665	9606.ENSP00000220062	0	0	0	0	0	0.532	0	0.055	0.539
FHL2	SMARCD3	9606.ENSP00000386665	9606.ENSP00000262188	0	0	0	0	0	0	0.900	0.054	0.901
FHL2	HSP90AA1	9606.ENSP00000386665	9606.ENSP00000335153	0	0	0	0	0.105	0	0	0.358	0.401
FHOD3	NES	9606.ENSP00000466937	9606.ENSP00000357206	0	0	0	0	0.098	0	0	0.723	0.739
FLNC	VCL	9606.ENSP00000327145	9606.ENSP00000211998	0	0	0	0	0.119	0.149	0	0.507	0.598
FLNC	SGCG	9606.ENSP00000327145	9606.ENSP00000218867	0	0	0	0	0.100	0.508	0	0.806	0.907
FLNC	SGCA	9606.ENSP00000327145	9606.ENSP00000262018	0	0	0	0	0.085	0.110	0	0.401	0.470
FLNC	ITGA5	9606.ENSP00000327145	9606.ENSP00000293379	0	0	0	0	0.134	0	0.600	0.131	0.673
FLNC	NEXN	9606.ENSP00000327145	9606.ENSP00000333938	0	0	0	0	0.107	0	0	0.390	0.433
FLNC	MYH11	9606.ENSP00000327145	9606.ENSP00000379616	0	0	0	0	0.065	0.108	0	0.409	0.464
FLNC	PGM5	9606.ENSP00000327145	9606.ENSP00000379678	0	0	0	0	0.063	0.056	0	0.461	0.482
FLNC	TPM2	9606.ENSP00000327145	9606.ENSP00000367542	0	0	0	0	0.218	0.183	0	0.502	0.654
FLNC	LDB3	9606.ENSP00000327145	9606.ENSP00000401437	0	0	0	0	0.065	0.149	0	0.807	0.833
FLRT3	NTNG2	9606.ENSP00000367292	9606.ENSP00000376921	0	0	0	0	0	0.167	0	0.327	0.415
FLRT3	NRXN3	9606.ENSP00000367292	9606.ENSP00000451648	0	0	0	0	0	0.154	0	0.401	0.471
FLRT3	UNC5D	9606.ENSP00000367292	9606.ENSP00000385143	0	0	0	0	0.065	0.342	0	0.612	0.741
FOLR1	LMAN1L	9606.ENSP00000377284	9606.ENSP00000310431	0	0	0	0	0	0	0.600	0.055	0.605
FOLR1	WFDC2	9606.ENSP00000377284	9606.ENSP00000361761	0	0	0	0	0.085	0	0	0.450	0.475
FOXF1	PITX2	9606.ENSP00000262426	9606.ENSP00000304169	0	0	0	0	0.064	0.098	0	0.464	0.508
FOXF1	SCGB1A1	9606.ENSP00000262426	9606.ENSP00000278282	0	0	0	0	0.062	0	0	0.604	0.612
FOXF2	HOXD10	9606.ENSP00000259806	9606.ENSP00000249501	0	0	0	0	0.088	0.074	0	0.347	0.400
FOXF2	MYOCD	9606.ENSP00000259806	9606.ENSP00000401678	0	0	0	0	0.069	0	0	0.416	0.433
FOXF2	PITX2	9606.ENSP00000259806	9606.ENSP00000304169	0	0	0	0	0.069	0.098	0	0.398	0.450
FOXF2	SCGB1A1	9606.ENSP00000259806	9606.ENSP00000278282	0	0	0	0	0.062	0	0	0.642	0.649
FOXQ1	KRT23	9606.ENSP00000296839	9606.ENSP00000209718	0	0	0	0	0.067	0	0	0.444	0.459
FOXQ1	PITX2	9606.ENSP00000296839	9606.ENSP00000304169	0	0	0	0	0	0.098	0	0.414	0.448
FRMD6	HLF	9606.ENSP00000343899	9606.ENSP00000226067	0	0	0	0	0	0	0	0.462	0.461
FXYD1	KCNJ8	9606.ENSP00000481244	9606.ENSP00000240662	0	0	0	0	0.097	0	0.540	0.149	0.615
FXYD1	PLN	9606.ENSP00000481244	9606.ENSP00000350132	0	0	0	0	0.092	0	0.720	0.202	0.779
FZD7	OLFM4	9606.ENSP00000286201	9606.ENSP00000219022	0	0	0	0	0	0	0	0.457	0.457
FZD7	TCF7L1	9606.ENSP00000286201	9606.ENSP00000282111	0	0	0	0	0.090	0	0	0.404	0.434
FZD7	PRICKLE2	9606.ENSP00000286201	9606.ENSP00000295902	0	0	0	0	0.070	0.213	0	0.360	0.491
FZD7	NDP	9606.ENSP00000286201	9606.ENSP00000367301	0	0	0	0	0	0	0	0.520	0.520
FZD7	WIF1	9606.ENSP00000286201	9606.ENSP00000286574	0	0	0	0	0.072	0.121	0	0.464	0.525
FZD7	ROR2	9606.ENSP00000286201	9606.ENSP00000364860	0	0	0	0	0.111	0.146	0.900	0.567	0.962
GABRE	GPM6B	9606.ENSP00000359353	9606.ENSP00000316861	0	0	0	0	0.097	0	0	0.388	0.423
GABRE	PLCL1	9606.ENSP00000359353	9606.ENSP00000402861	0	0	0	0	0	0	0.600	0	0.600
GABRE	GPR161	9606.ENSP00000359353	9606.ENSP00000441039	0	0	0	0	0	0	0	0.686	0.686
GALNT5	HSP90AA1	9606.ENSP00000259056	9606.ENSP00000335153	0	0	0	0	0	0	0	0.456	0.456
GALNT5	MUC4	9606.ENSP00000259056	9606.ENSP00000417498	0	0	0	0	0	0	0.900	0	0.900
GATA3	KRT14	9606.ENSP00000368632	9606.ENSP00000167586	0	0	0	0	0.062	0	0	0.503	0.513
GATA3	ID2	9606.ENSP00000368632	9606.ENSP00000234091	0	0	0	0	0	0.104	0	0.648	0.671
GATA3	KRT5	9606.ENSP00000368632	9606.ENSP00000252242	0	0	0	0	0.051	0	0	0.607	0.611
GATA3	PPARGC1A	9606.ENSP00000368632	9606.ENSP00000264867	0	0	0	0	0	0	0	0.448	0.448
GATA3	MEIS1	9606.ENSP00000368632	9606.ENSP00000272369	0	0	0	0	0.078	0.070	0	0.461	0.497
GATA3	PGR	9606.ENSP00000368632	9606.ENSP00000325120	0	0	0	0	0.053	0.070	0.600	0.611	0.844
GATA3	KRT7	9606.ENSP00000368632	9606.ENSP00000329243	0	0	0	0	0.083	0	0	0.651	0.666
GATA3	TSLP	9606.ENSP00000368632	9606.ENSP00000339804	0	0	0	0	0	0	0	0.671	0.671
GATA3	SNAI2	9606.ENSP00000368632	9606.ENSP00000380034	0	0	0	0	0	0.112	0	0.377	0.423
GATA3	SERPINB5	9606.ENSP00000368632	9606.ENSP00000372221	0	0	0	0	0.062	0	0	0.498	0.509
GATA3	IL33	9606.ENSP00000368632	9606.ENSP00000370842	0	0	0	0	0	0	0.900	0.688	0.967
GBP1	GBP3	9606.ENSP00000359504	9606.ENSP00000359512	0	0	0	0.983	0.364	0.680	0	0.822	0.790
GEM	NEXN	9606.ENSP00000297596	9606.ENSP00000333938	0	0	0	0	0	0	0	0.518	0.518
GLT1D1	THSD4	9606.ENSP00000281703	9606.ENSP00000347484	0	0	0	0	0	0	0	0.418	0.418
GLT1D1	TMEM132C	9606.ENSP00000281703	9606.ENSP00000410852	0	0	0	0	0.089	0	0	0.607	0.627
GPD1L	KCNJ8	9606.ENSP00000282541	9606.ENSP00000240662	0	0	0	0	0	0	0	0.681	0.681
GPD1L	SCN4B	9606.ENSP00000282541	9606.ENSP00000322460	0	0	0	0	0.066	0	0	0.604	0.614
GPER1	RGS9	9606.ENSP00000380281	9606.ENSP00000262406	0	0	0	0	0	0	0	0.432	0.432
GPER1	PGR	9606.ENSP00000380281	9606.ENSP00000325120	0	0	0	0	0	0	0	0.667	0.667
GPM6A	TCEAL2	9606.ENSP00000280187	9606.ENSP00000361866	0	0	0	0	0.282	0	0	0.219	0.415
GPM6A	NRXN3	9606.ENSP00000280187	9606.ENSP00000451648	0	0	0	0	0.258	0	0	0.428	0.557
GPM6A	ZNF536	9606.ENSP00000280187	9606.ENSP00000347730	0	0	0	0	0.214	0	0	0.493	0.585
GPM6B	SLC35F1	9606.ENSP00000316861	9606.ENSP00000353557	0	0	0	0	0.268	0	0	0.244	0.423
GPM6B	NTNG2	9606.ENSP00000316861	9606.ENSP00000376921	0	0	0	0	0	0	0	0.720	0.720
GPR87	LPAR1	9606.ENSP00000260843	9606.ENSP00000363553	0	0	0	0	0	0	0	0.719	0.719
GPRASP1	TCEAL2	9606.ENSP00000445683	9606.ENSP00000361866	0	0	0	0	0.187	0	0	0.455	0.538
GPX2	GSTM2	9606.ENSP00000374265	9606.ENSP00000241337	0	0	0	0	0.062	0	0.650	0.422	0.793
GPX2	GSTM5	9606.ENSP00000374265	9606.ENSP00000256593	0	0	0	0	0.062	0	0.650	0.335	0.762
GPX2	GSTM3	9606.ENSP00000374265	9606.ENSP00000256594	0	0	0	0	0.062	0	0.650	0.758	0.913
GPX2	PPARGC1A	9606.ENSP00000374265	9606.ENSP00000264867	0	0	0	0	0	0	0.800	0.206	0.834
GPX2	GSTM1	9606.ENSP00000374265	9606.ENSP00000311469	0	0	0	0	0.062	0	0.650	0.499	0.821
GPX2	GSTO2	9606.ENSP00000374265	9606.ENSP00000345023	0	0	0	0	0.049	0.056	0.650	0.205	0.716
GPX2	SOD3	9606.ENSP00000374265	9606.ENSP00000371554	0.044	0	0	0	0.094	0.178	0.900	0.562	0.963
GPX2	GSTP1	9606.ENSP00000374265	9606.ENSP00000381607	0	0	0	0	0.062	0	0.650	0.493	0.819
GPX3	GSTM2	9606.ENSP00000373477	9606.ENSP00000241337	0	0	0	0	0.062	0	0.650	0.506	0.823
GPX3	GSTM5	9606.ENSP00000373477	9606.ENSP00000256593	0	0	0	0	0.062	0	0.650	0.254	0.733
GPX3	GSTM3	9606.ENSP00000373477	9606.ENSP00000256594	0	0	0	0	0.062	0	0.650	0.658	0.878
GPX3	PPARGC1A	9606.ENSP00000373477	9606.ENSP00000264867	0	0	0	0	0	0	0.800	0.218	0.836
GPX3	GSTM1	9606.ENSP00000373477	9606.ENSP00000311469	0	0	0	0	0.062	0	0.650	0.493	0.819
GPX3	GSTO2	9606.ENSP00000373477	9606.ENSP00000345023	0	0	0	0	0.049	0.056	0.650	0.375	0.777
GPX3	SOD3	9606.ENSP00000373477	9606.ENSP00000371554	0.044	0	0	0	0.161	0.178	0.900	0.609	0.969
GPX3	GSTP1	9606.ENSP00000373477	9606.ENSP00000381607	0	0	0	0	0.062	0	0.650	0.460	0.807
GPX7	GSTM2	9606.ENSP00000354677	9606.ENSP00000241337	0	0	0	0	0.062	0	0.650	0.689	0.889
GPX7	GSTM5	9606.ENSP00000354677	9606.ENSP00000256593	0	0	0	0	0.062	0	0.650	0.572	0.847
GPX7	GSTM3	9606.ENSP00000354677	9606.ENSP00000256594	0	0	0	0	0.062	0	0.650	0.709	0.896
GPX7	PPARGC1A	9606.ENSP00000354677	9606.ENSP00000264867	0	0	0	0	0	0	0.800	0.234	0.840
GPX7	GSTM1	9606.ENSP00000354677	9606.ENSP00000311469	0	0	0	0	0.062	0	0.650	0.571	0.846
GPX7	GSTO2	9606.ENSP00000354677	9606.ENSP00000345023	0	0	0	0	0.049	0.056	0.650	0.381	0.779
GPX7	GSTP1	9606.ENSP00000354677	9606.ENSP00000381607	0	0	0	0	0.083	0	0.650	0.369	0.780
GPX7	SOD3	9606.ENSP00000354677	9606.ENSP00000371554	0.044	0	0	0	0.094	0.178	0.900	0.523	0.959
GSTM1	GSTM2	9606.ENSP00000311469	9606.ENSP00000241337	0	0	0.447	0.981	0.830	0.462	0.650	0.841	0.966
GSTM1	GSTM5	9606.ENSP00000311469	9606.ENSP00000256593	0	0	0	0.982	0.069	0	0.650	0.739	0.664
GSTM1	GSTM3	9606.ENSP00000311469	9606.ENSP00000256594	0	0	0.447	0.974	0.065	0.232	0.650	0.821	0.735
GSTM1	GSTP1	9606.ENSP00000311469	9606.ENSP00000381607	0	0	0	0.782	0	0	0.650	0.927	0.720
GSTM1	GSTO2	9606.ENSP00000311469	9606.ENSP00000345023	0	0	0	0	0.062	0	0.650	0.715	0.898
GSTM2	SOD3	9606.ENSP00000241337	9606.ENSP00000371554	0	0	0	0	0.062	0	0	0.392	0.405
GSTM2	GSTP1	9606.ENSP00000241337	9606.ENSP00000381607	0	0	0	0.803	0	0	0.650	0.802	0.704
GSTM2	GSTO2	9606.ENSP00000241337	9606.ENSP00000345023	0	0	0	0	0.062	0	0.650	0.595	0.855
GSTM2	GSTM5	9606.ENSP00000241337	9606.ENSP00000256593	0	0	0	0.980	0.089	0.871	0.650	0.816	0.956
GSTM2	GSTM3	9606.ENSP00000241337	9606.ENSP00000256594	0	0	0.447	0.972	0.097	0.973	0.650	0.909	0.991
GSTM3	GSTM5	9606.ENSP00000256594	9606.ENSP00000256593	0	0	0	0.973	0.065	0.882	0.650	0.720	0.958
GSTM3	GSTP1	9606.ENSP00000256594	9606.ENSP00000381607	0	0	0	0.828	0	0	0.650	0.813	0.698
GSTM3	GSTO2	9606.ENSP00000256594	9606.ENSP00000345023	0	0	0	0	0.062	0	0.650	0.618	0.863
GSTM5	GSTP1	9606.ENSP00000256593	9606.ENSP00000381607	0	0	0	0.785	0	0	0.650	0.592	0.693
GSTM5	GSTO2	9606.ENSP00000256593	9606.ENSP00000345023	0	0	0	0	0.062	0	0.650	0.481	0.814
GSTO2	GSTP1	9606.ENSP00000345023	9606.ENSP00000381607	0	0	0	0	0.072	0	0.650	0.692	0.891
GSTP1	TIMP3	9606.ENSP00000381607	9606.ENSP00000266085	0	0	0	0	0	0	0	0.617	0.617
GSTP1	SCGB3A1	9606.ENSP00000381607	9606.ENSP00000292641	0	0	0	0	0	0	0	0.460	0.459
GSTP1	PGR	9606.ENSP00000381607	9606.ENSP00000325120	0	0	0	0	0	0.062	0	0.394	0.407
GSTP1	SRD5A2	9606.ENSP00000381607	9606.ENSP00000477587	0	0	0	0	0.062	0	0	0.397	0.410
HEPH	PPARGC1A	9606.ENSP00000430620	9606.ENSP00000264867	0	0	0	0	0	0	0	0.445	0.445
HLF	MET	9606.ENSP00000226067	9606.ENSP00000317272	0	0	0	0	0.053	0.058	0	0.415	0.432
HLF	TCF7L1	9606.ENSP00000226067	9606.ENSP00000282111	0	0	0	0	0	0.223	0	0.308	0.439
HMGCLL1	OAT	9606.ENSP00000381654	9606.ENSP00000357838	0.209	0	0	0	0.137	0.056	0	0.209	0.422
HOXD10	JAZF1	9606.ENSP00000249501	9606.ENSP00000283928	0	0	0	0	0	0	0	0.448	0.448
HOXD10	HOXD13	9606.ENSP00000249501	9606.ENSP00000376322	0	0	0	0.616	0.352	0	0	0.886	0.571
HOXD13	MEIS1	9606.ENSP00000376322	9606.ENSP00000272369	0	0	0	0	0.049	0.464	0	0.517	0.733
HOXD13	MEIS2	9606.ENSP00000376322	9606.ENSP00000453793	0	0	0	0	0.049	0.249	0	0.310	0.464
HSP90AA1	PTGIS	9606.ENSP00000335153	9606.ENSP00000244043	0	0	0	0	0	0.160	0	0.514	0.575
HSP90AA1	HSPA4L	9606.ENSP00000335153	9606.ENSP00000296464	0	0	0	0	0.469	0.259	0	0.610	0.833
HSP90AA1	MET	9606.ENSP00000335153	9606.ENSP00000317272	0	0	0	0	0	0.550	0	0.511	0.771
HSP90AA1	PGR	9606.ENSP00000335153	9606.ENSP00000325120	0	0	0	0	0	0.344	0.600	0.989	0.996
HSP90AA1	NDRG2	9606.ENSP00000335153	9606.ENSP00000451712	0	0	0	0	0	0	0	0.447	0.447
HSP90AA1	S100A6	9606.ENSP00000335153	9606.ENSP00000357709	0	0	0	0	0	0	0	0.453	0.453
HSP90AA1	MYH11	9606.ENSP00000335153	9606.ENSP00000379616	0	0	0	0	0.062	0.305	0	0.290	0.497
HSP90AA1	STK33	9606.ENSP00000335153	9606.ENSP00000416750	0	0	0	0	0	0.291	0	0.405	0.561
HSP90AA1	HSPB6	9606.ENSP00000335153	9606.ENSP00000468057	0	0	0	0	0.060	0.076	0	0.663	0.682
HSP90AA1	SERPINB5	9606.ENSP00000335153	9606.ENSP00000372221	0	0	0	0	0	0.192	0	0.867	0.888
HSP90AA1	NRG2	9606.ENSP00000335153	9606.ENSP00000354910	0	0	0	0	0	0.177	0.900	0.169	0.925
HSP90AA1	ITGB1BP2	9606.ENSP00000335153	9606.ENSP00000362935	0	0	0	0	0.062	0.542	0	0.920	0.963
HSPB6	MAP1B	9606.ENSP00000468057	9606.ENSP00000296755	0	0	0	0	0.088	0.414	0	0.052	0.449
ID1	ID3	9606.ENSP00000365280	9606.ENSP00000363689	0	0	0	0.864	0.356	0	0.900	0.885	0.940
ID1	SNAI2	9606.ENSP00000365280	9606.ENSP00000380034	0	0	0	0	0.089	0	0	0.391	0.421
ID2	IL33	9606.ENSP00000234091	9606.ENSP00000370842	0	0	0	0	0	0	0	0.429	0.429
ID2	ID4	9606.ENSP00000234091	9606.ENSP00000367972	0	0	0	0.882	0.063	0.480	0.900	0.777	0.951
ID3	NBL1	9606.ENSP00000363689	9606.ENSP00000289749	0	0	0	0	0	0	0	0.720	0.720
IL33	TSLP	9606.ENSP00000370842	9606.ENSP00000339804	0	0	0	0	0	0	0	0.881	0.881
IL33	SERPINB5	9606.ENSP00000370842	9606.ENSP00000372221	0	0	0	0	0	0	0	0.510	0.510
INHBE	TGFB3	9606.ENSP00000266646	9606.ENSP00000238682	0	0	0	0.628	0	0	0.800	0.216	0.813
ITGA5	VCL	9606.ENSP00000293379	9606.ENSP00000211998	0	0	0	0	0.151	0.270	0	0.716	0.809
ITGA5	TNC	9606.ENSP00000293379	9606.ENSP00000265131	0	0	0	0	0.117	0.303	0.600	0.092	0.747
ITGA5	LDB3	9606.ENSP00000293379	9606.ENSP00000401437	0	0	0	0	0.109	0.142	0	0.302	0.419
ITGA5	MET	9606.ENSP00000293379	9606.ENSP00000317272	0	0	0	0	0.089	0.114	0	0.349	0.429
ITGA5	LAMB3	9606.ENSP00000293379	9606.ENSP00000375778	0	0	0	0	0.108	0.103	0.600	0.338	0.760
ITGA5	JAM3	9606.ENSP00000293379	9606.ENSP00000299106	0	0	0	0	0	0	0.900	0.307	0.927
ITGB1BP2	NEXN	9606.ENSP00000362935	9606.ENSP00000333938	0	0	0	0	0	0	0	0.588	0.588
JAM3	LDB3	9606.ENSP00000299106	9606.ENSP00000401437	0	0	0	0	0	0	0.540	0	0.540
JAZF1	MSMB	9606.ENSP00000283928	9606.ENSP00000463092	0	0	0	0	0	0	0	0.556	0.556
KCNAB1	KCNJ8	9606.ENSP00000419952	9606.ENSP00000240662	0	0	0	0	0	0	0	0.404	0.404
KCNAB1	KCNMB1	9606.ENSP00000419952	9606.ENSP00000274629	0	0	0	0	0	0	0	0.513	0.513
KCNAB1	KCNK3	9606.ENSP00000419952	9606.ENSP00000306275	0	0	0	0	0.062	0	0	0.415	0.428
KCNJ3	PDPN	9606.ENSP00000295101	9606.ENSP00000294489	0	0	0	0	0	0	0	0.605	0.605
KCNJ3	PLN	9606.ENSP00000295101	9606.ENSP00000350132	0	0	0	0	0.062	0	0	0.439	0.451
KCNJ3	SCN7A	9606.ENSP00000295101	9606.ENSP00000386796	0	0	0	0	0	0.102	0	0.559	0.587
KCNJ3	KCNK3	9606.ENSP00000295101	9606.ENSP00000306275	0	0	0	0	0.090	0	0	0.566	0.589
KCNJ8	SCN4B	9606.ENSP00000240662	9606.ENSP00000322460	0	0	0	0	0.086	0	0	0.412	0.440
KCNJ8	KCNK3	9606.ENSP00000240662	9606.ENSP00000306275	0	0	0	0	0.062	0	0	0.540	0.550
KCNJ8	PLN	9606.ENSP00000240662	9606.ENSP00000350132	0	0	0	0	0.098	0	0.540	0.150	0.616
KCNMB1	PTGIS	9606.ENSP00000274629	9606.ENSP00000244043	0	0	0	0	0	0	0	0.499	0.499
KCNMB1	SCGB2A1	9606.ENSP00000274629	9606.ENSP00000244930	0	0	0	0	0	0	0	0.457	0.457
KCNMB1	LMOD1	9606.ENSP00000274629	9606.ENSP00000356257	0	0	0	0	0.170	0	0	0.326	0.417
KCNMB1	MYH11	9606.ENSP00000274629	9606.ENSP00000379616	0	0	0	0	0.266	0	0	0.377	0.523
KIF1A	MAP1B	9606.ENSP00000438388	9606.ENSP00000296755	0	0	0	0	0.286	0.074	0	0.339	0.525
KIF1A	VSNL1	9606.ENSP00000438388	9606.ENSP00000384719	0	0	0	0	0.230	0.105	0	0.208	0.406
KLF5	TFCP2L1	9606.ENSP00000366915	9606.ENSP00000263707	0	0	0	0	0.069	0.067	0	0.565	0.589
KLF5	MYOCD	9606.ENSP00000366915	9606.ENSP00000401678	0	0	0	0	0	0.058	0	0.703	0.708
KLF8	TCF7L1	9606.ENSP00000417303	9606.ENSP00000282111	0	0	0	0	0	0.137	0	0.567	0.610
KRT13	KRT14	9606.ENSP00000246635	9606.ENSP00000167586	0	0	0	0.963	0.171	0	0.300	0.758	0.412
KRT13	KRT17	9606.ENSP00000246635	9606.ENSP00000308452	0	0	0	0.960	0.152	0.094	0.300	0.706	0.431
KRT13	UPK1A	9606.ENSP00000246635	9606.ENSP00000478942	0	0	0	0	0	0	0	0.556	0.556
KRT13	KRT7	9606.ENSP00000246635	9606.ENSP00000329243	0	0	0	0.717	0.119	0.464	0	0.690	0.602
KRT13	KRT15	9606.ENSP00000246635	9606.ENSP00000254043	0	0	0	0.974	0.537	0	0.300	0.816	0.669
KRT14	TNS4	9606.ENSP00000167586	9606.ENSP00000254051	0	0	0	0	0.140	0	0	0.333	0.401
KRT14	SOSTDC1	9606.ENSP00000167586	9606.ENSP00000304930	0	0	0	0	0.062	0	0	0.389	0.403
KRT14	NES	9606.ENSP00000167586	9606.ENSP00000357206	0	0	0	0	0	0	0	0.414	0.414
KRT14	LGR6	9606.ENSP00000167586	9606.ENSP00000356247	0	0	0	0	0	0	0	0.451	0.451
KRT14	PROM1	9606.ENSP00000167586	9606.ENSP00000426809	0	0	0	0	0	0	0	0.454	0.454
KRT14	LAMB3	9606.ENSP00000167586	9606.ENSP00000375778	0	0	0	0	0.139	0	0	0.392	0.454
KRT14	SCGB1A1	9606.ENSP00000167586	9606.ENSP00000278282	0	0	0	0	0	0	0	0.471	0.471
KRT14	SNAI2	9606.ENSP00000167586	9606.ENSP00000380034	0	0	0	0	0.088	0	0	0.460	0.486
KRT14	TRIM29	9606.ENSP00000167586	9606.ENSP00000343129	0	0	0	0	0.342	0	0	0.261	0.493
KRT14	KRT15	9606.ENSP00000167586	9606.ENSP00000254043	0	0	0	0.965	0.352	0	0.300	0.756	0.539
KRT14	SERPINB5	9606.ENSP00000167586	9606.ENSP00000372221	0	0	0	0	0.316	0	0	0.391	0.566
KRT14	PGR	9606.ENSP00000167586	9606.ENSP00000325120	0	0	0	0	0.049	0.056	0	0.660	0.668
KRT14	KRT17	9606.ENSP00000167586	9606.ENSP00000308452	0	0	0	0.977	0.644	0.094	0.300	0.848	0.759
KRT14	KRT5	9606.ENSP00000167586	9606.ENSP00000252242	0	0	0	0.781	0.742	0.972	0	0.989	0.994
KRT15	KRT5	9606.ENSP00000254043	9606.ENSP00000252242	0	0	0	0.784	0.384	0.147	0	0.799	0.546
KRT15	KRT17	9606.ENSP00000254043	9606.ENSP00000308452	0	0	0	0.964	0.230	0	0.300	0.813	0.454
KRT15	NES	9606.ENSP00000254043	9606.ENSP00000357206	0	0	0	0	0	0	0	0.468	0.468
KRT15	LGR6	9606.ENSP00000254043	9606.ENSP00000356247	0	0	0	0	0	0	0	0.619	0.619
KRT17	KRT5	9606.ENSP00000308452	9606.ENSP00000252242	0	0	0	0.729	0.545	0.410	0	0.831	0.783
KRT17	LAMB3	9606.ENSP00000308452	9606.ENSP00000375778	0	0	0	0	0.284	0	0	0.301	0.478
KRT17	KRT7	9606.ENSP00000308452	9606.ENSP00000329243	0	0	0	0.702	0.232	0.286	0	0.682	0.542
KRT17	SERPINB5	9606.ENSP00000308452	9606.ENSP00000372221	0	0	0	0	0.301	0	0	0.400	0.563
KRT17	PGR	9606.ENSP00000308452	9606.ENSP00000325120	0	0	0	0	0	0.056	0	0.561	0.567
KRT17	TRIM29	9606.ENSP00000308452	9606.ENSP00000343129	0	0	0	0	0.563	0	0	0.260	0.663
KRT222	TNS4	9606.ENSP00000377616	9606.ENSP00000254051	0	0	0	0	0	0	0	0.494	0.494
KRT23	SCN7A	9606.ENSP00000209718	9606.ENSP00000386796	0	0	0	0	0	0	0	0.403	0.403
KRT23	THSD4	9606.ENSP00000209718	9606.ENSP00000347484	0	0	0	0	0	0	0	0.607	0.607
KRT5	SNAI2	9606.ENSP00000252242	9606.ENSP00000380034	0	0	0	0	0	0	0	0.430	0.430
KRT5	LAMB3	9606.ENSP00000252242	9606.ENSP00000375778	0	0	0	0	0.137	0	0	0.403	0.462
KRT5	SERPINB5	9606.ENSP00000252242	9606.ENSP00000372221	0	0	0	0	0.268	0	0	0.325	0.485
KRT5	PROM1	9606.ENSP00000252242	9606.ENSP00000426809	0	0	0	0	0	0	0	0.493	0.493
KRT5	PDPN	9606.ENSP00000252242	9606.ENSP00000294489	0	0	0	0	0	0	0	0.559	0.559
KRT5	SCGB1A1	9606.ENSP00000252242	9606.ENSP00000278282	0	0	0	0	0.087	0	0	0.667	0.683
KRT5	TRIM29	9606.ENSP00000252242	9606.ENSP00000343129	0	0	0	0	0.550	0	0	0.456	0.745
KRT5	PGR	9606.ENSP00000252242	9606.ENSP00000325120	0	0	0	0	0	0	0	0.802	0.802
KRT7	MET	9606.ENSP00000329243	9606.ENSP00000317272	0	0	0	0	0.154	0.056	0	0.320	0.409
KRT7	PGR	9606.ENSP00000329243	9606.ENSP00000325120	0	0	0	0	0	0	0	0.703	0.703
KRT7	MUC4	9606.ENSP00000329243	9606.ENSP00000417498	0	0	0	0	0.081	0	0	0.451	0.473
KRT7	PROM1	9606.ENSP00000329243	9606.ENSP00000426809	0	0	0	0	0	0	0	0.532	0.532
LAMB3	MET	9606.ENSP00000375778	9606.ENSP00000317272	0	0	0	0	0.182	0	0.900	0.090	0.919
LAMB3	NTN4	9606.ENSP00000375778	9606.ENSP00000340998	0	0	0	0.775	0.138	0	0.540	0	0.586
LAMB3	S100A14	9606.ENSP00000375778	9606.ENSP00000357691	0	0	0	0	0.214	0	0	0.340	0.459
LAMB3	PAK7	9606.ENSP00000375778	9606.ENSP00000367686	0	0	0	0	0.053	0	0.900	0	0.901
LCAT	PON3	9606.ENSP00000264005	9606.ENSP00000265627	0	0	0	0	0.062	0	0	0.431	0.443
LDB3	VCL	9606.ENSP00000401437	9606.ENSP00000211998	0	0	0	0	0.150	0.153	0	0.657	0.732
LDB3	SGCA	9606.ENSP00000401437	9606.ENSP00000262018	0	0	0	0	0.170	0	0	0.321	0.412
LDB3	NEXN	9606.ENSP00000401437	9606.ENSP00000333938	0	0	0	0	0.101	0	0	0.551	0.579
LDB3	PLN	9606.ENSP00000401437	9606.ENSP00000350132	0	0	0	0	0.594	0	0	0.053	0.600
LDB3	TPM2	9606.ENSP00000401437	9606.ENSP00000367542	0	0	0	0	0.191	0.080	0	0.290	0.425
LDB3	MYH11	9606.ENSP00000401437	9606.ENSP00000379616	0	0	0	0	0.140	0.149	0	0.354	0.487
LDB3	PALLD	9606.ENSP00000401437	9606.ENSP00000425556	0	0	0	0	0.146	0	0	0.443	0.504
LGALS3BP	TMEM200B	9606.ENSP00000262776	9606.ENSP00000428544	0	0	0	0	0	0	0	0.494	0.494
LGR6	NDP	9606.ENSP00000356247	9606.ENSP00000367301	0	0	0	0	0	0.139	0	0.525	0.575
LIX1	PCP4	9606.ENSP00000274382	9606.ENSP00000329403	0	0	0	0	0.062	0	0	0.390	0.404
LIX1	LMO3	9606.ENSP00000274382	9606.ENSP00000442786	0	0	0	0	0.096	0	0	0.505	0.534
LMCD1	PHYHIPL	9606.ENSP00000157600	9606.ENSP00000362987	0	0	0	0	0	0	0	0.494	0.494
LMOD1	VCL	9606.ENSP00000356257	9606.ENSP00000211998	0	0	0	0	0.062	0	0.600	0.060	0.616
LMOD1	MYOCD	9606.ENSP00000356257	9606.ENSP00000401678	0	0	0	0	0.187	0	0	0.537	0.608
LMOD1	TPM2	9606.ENSP00000356257	9606.ENSP00000367542	0	0	0	0	0.189	0.058	0.600	0.396	0.790
LMOD1	MYH11	9606.ENSP00000356257	9606.ENSP00000379616	0	0	0	0	0.296	0	0.800	0.557	0.932
LPAR1	RCAN2	9606.ENSP00000363553	9606.ENSP00000360425	0	0	0	0	0.098	0	0	0.441	0.474
LRP1B	NRXN3	9606.ENSP00000374135	9606.ENSP00000451648	0	0	0	0	0.122	0	0	0.402	0.452
LRP4	SOSTDC1	9606.ENSP00000367888	9606.ENSP00000304930	0	0	0	0	0.076	0	0	0.494	0.512
MAMLD1	SRD5A2	9606.ENSP00000414517	9606.ENSP00000477587	0	0	0	0	0	0	0	0.681	0.681
MAP1B	NES	9606.ENSP00000296755	9606.ENSP00000357206	0	0	0	0	0.215	0	0	0.391	0.501
MAP1B	NEFH	9606.ENSP00000296755	9606.ENSP00000311997	0	0	0	0	0.104	0	0	0.556	0.585
MCF2	RND3	9606.ENSP00000430276	9606.ENSP00000364886	0	0	0	0	0	0.162	0	0.601	0.652
MCF2	PRIMA1	9606.ENSP00000430276	9606.ENSP00000376848	0	0	0	0	0	0	0	0.409	0.409
MEIS1	PRDM5	9606.ENSP00000272369	9606.ENSP00000264808	0	0	0	0	0	0.135	0	0.346	0.410
MEIS1	PITX2	9606.ENSP00000272369	9606.ENSP00000304169	0	0	0	0	0.062	0	0	0.396	0.409
MEIS1	MEIS2	9606.ENSP00000272369	9606.ENSP00000453793	0	0	0	0.979	0.091	0.973	0	0.785	0.975
MEIS2	PITX2	9606.ENSP00000453793	9606.ENSP00000304169	0	0	0	0	0.062	0	0	0.394	0.408
MEIS2	SP8	9606.ENSP00000453793	9606.ENSP00000408792	0	0	0	0	0	0.077	0	0.407	0.429
MET	TNS4	9606.ENSP00000317272	9606.ENSP00000254051	0	0	0	0	0.081	0.191	0.600	0.072	0.687
MET	SEMA3E	9606.ENSP00000317272	9606.ENSP00000303212	0	0	0	0	0	0.246	0	0.368	0.503
MET	NES	9606.ENSP00000317272	9606.ENSP00000357206	0	0	0	0	0.062	0	0	0.391	0.404
MET	SEMA6D	9606.ENSP00000317272	9606.ENSP00000324857	0	0	0	0	0	0.246	0	0.359	0.496
MET	SNAI2	9606.ENSP00000317272	9606.ENSP00000380034	0	0	0	0	0.098	0.056	0	0.499	0.536
MET	PROM1	9606.ENSP00000317272	9606.ENSP00000426809	0	0	0	0	0.084	0	0	0.603	0.621
MET	NTF4	9606.ENSP00000317272	9606.ENSP00000469455	0	0	0	0	0.068	0.056	0.600	0.111	0.645
MET	PDGFC	9606.ENSP00000317272	9606.ENSP00000422464	0	0	0	0	0.084	0	0.600	0.303	0.722
MFAP4	S100A4	9606.ENSP00000378957	9606.ENSP00000357705	0	0	0	0	0	0	0	0.474	0.474
MSMB	TGM4	9606.ENSP00000463092	9606.ENSP00000296125	0	0	0	0	0	0	0	0.720	0.720
MSMO1	PTGIS	9606.ENSP00000261507	9606.ENSP00000244043	0	0	0	0	0.243	0.387	0	0.250	0.622
MSRB3	WIF1	9606.ENSP00000347324	9606.ENSP00000286574	0	0	0	0	0	0	0	0.411	0.411
MUC4	ST6GALNAC2	9606.ENSP00000417498	9606.ENSP00000225276	0	0	0	0	0	0	0.900	0.100	0.906
MYH11	VCL	9606.ENSP00000379616	9606.ENSP00000211998	0	0	0	0	0.064	0.154	0.600	0.462	0.807
MYH11	TGFB3	9606.ENSP00000379616	9606.ENSP00000238682	0	0	0	0	0.110	0	0	0.391	0.435
MYH11	PLN	9606.ENSP00000379616	9606.ENSP00000350132	0	0	0	0	0.305	0	0	0.244	0.452
MYH11	TCF21	9606.ENSP00000379616	9606.ENSP00000356857	0	0	0	0	0.064	0	0	0.387	0.401
MYH11	TPM2	9606.ENSP00000379616	9606.ENSP00000367542	0	0	0	0	0.189	0.176	0.600	0.478	0.842
MYH11	MYOCD	9606.ENSP00000379616	9606.ENSP00000401678	0	0	0	0	0.090	0	0	0.830	0.838
MYOCD	SMARCD3	9606.ENSP00000401678	9606.ENSP00000262188	0	0	0	0	0	0	0	0.511	0.511
NBL1	SOSTDC1	9606.ENSP00000289749	9606.ENSP00000304930	0	0	0	0	0.065	0	0	0.423	0.437
NDRG2	RBP1	9606.ENSP00000451712	9606.ENSP00000232219	0	0	0	0	0	0.184	0	0.402	0.491
NEFH	SCN4B	9606.ENSP00000311997	9606.ENSP00000322460	0	0	0	0	0.126	0	0	0.477	0.523
NEFH	RFPL1	9606.ENSP00000311997	9606.ENSP00000346342	0	0	0	0	0.337	0.056	0	0.394	0.588
NES	SNAI2	9606.ENSP00000357206	9606.ENSP00000380034	0	0	0	0	0.119	0	0	0.467	0.510
NES	PROM1	9606.ENSP00000357206	9606.ENSP00000426809	0	0	0	0	0.063	0	0	0.861	0.864
NEXN	VCL	9606.ENSP00000333938	9606.ENSP00000211998	0	0	0	0	0.085	0	0	0.636	0.653
NID2	PRELP	9606.ENSP00000216286	9606.ENSP00000343924	0	0	0	0	0.049	0.057	0	0.400	0.415
NID2	TIMP3	9606.ENSP00000216286	9606.ENSP00000266085	0	0	0	0	0.162	0	0	0.442	0.513
NRG2	PRKCB	9606.ENSP00000354910	9606.ENSP00000305355	0	0	0	0	0	0	0.900	0.046	0.900
NRG2	SNAI2	9606.ENSP00000354910	9606.ENSP00000380034	0	0	0	0	0	0	0	0.483	0.483
NTN4	THSD4	9606.ENSP00000340998	9606.ENSP00000347484	0	0	0	0	0.152	0	0	0.429	0.495
NTN4	UNC5D	9606.ENSP00000340998	9606.ENSP00000385143	0	0	0	0	0.064	0	0	0.530	0.541
NTNG2	RBP1	9606.ENSP00000376921	9606.ENSP00000232219	0	0	0	0	0	0	0	0.571	0.571
NTNG2	SEMA3E	9606.ENSP00000376921	9606.ENSP00000303212	0	0	0	0	0	0.068	0	0.542	0.555
NTNG2	SEMA6D	9606.ENSP00000376921	9606.ENSP00000324857	0	0	0	0	0	0.068	0	0.388	0.405
NTNG2	PCP4	9606.ENSP00000376921	9606.ENSP00000329403	0	0	0	0	0.062	0	0	0.714	0.720
NTNG2	UNC5D	9606.ENSP00000376921	9606.ENSP00000385143	0	0	0	0	0.063	0.155	0	0.512	0.580
OAT	RGN	9606.ENSP00000357838	9606.ENSP00000380365	0	0	0	0	0.062	0	0	0.434	0.446
OLFM4	PROM1	9606.ENSP00000219022	9606.ENSP00000426809	0	0	0	0	0.065	0	0	0.424	0.439
PALLD	VCL	9606.ENSP00000425556	9606.ENSP00000211998	0	0	0	0	0.089	0	0	0.403	0.433
PALLD	TGFB1I1	9606.ENSP00000425556	9606.ENSP00000378332	0	0	0	0	0.091	0	0	0.418	0.448
PALLD	VGLL3	9606.ENSP00000425556	9606.ENSP00000381436	0	0	0	0	0.089	0	0	0.368	0.400
PCDH18	VGLL3	9606.ENSP00000355082	9606.ENSP00000381436	0	0	0	0	0.074	0.060	0	0.411	0.442
PCOLCE2	PRDM5	9606.ENSP00000295992	9606.ENSP00000264808	0	0	0	0	0	0	0	0.475	0.475
PCOLCE2	TRPC1	9606.ENSP00000295992	9606.ENSP00000419313	0	0	0	0	0.062	0	0	0.665	0.672
PDGFC	TGFB3	9606.ENSP00000422464	9606.ENSP00000238682	0	0	0	0	0	0	0	0.414	0.414
PDK4	PPARGC1A	9606.ENSP00000005178	9606.ENSP00000264867	0	0	0	0	0.088	0.270	0	0.739	0.811
PDPN	SCGB1A1	9606.ENSP00000294489	9606.ENSP00000278282	0	0	0	0	0	0	0	0.662	0.662
PDPN	S100A4	9606.ENSP00000294489	9606.ENSP00000357705	0	0	0	0	0.062	0	0	0.457	0.468
PGM5	VCL	9606.ENSP00000379678	9606.ENSP00000211998	0	0	0	0	0	0.271	0	0.232	0.416
PGM5	PYGL	9606.ENSP00000379678	9606.ENSP00000216392	0.135	0	0	0	0.520	0.056	0	0.351	0.711
PGM5	SGCG	9606.ENSP00000379678	9606.ENSP00000218867	0	0	0	0	0.084	0	0.540	0.061	0.570
PGM5	SGCA	9606.ENSP00000379678	9606.ENSP00000262018	0	0	0	0	0.090	0	0.720	0.044	0.735
PGM5	SOD3	9606.ENSP00000379678	9606.ENSP00000371554	0	0	0	0	0.062	0.366	0	0.229	0.501
PGR	SCGB1A1	9606.ENSP00000325120	9606.ENSP00000278282	0	0	0	0	0	0	0	0.493	0.494
PGR	SNAI2	9606.ENSP00000325120	9606.ENSP00000380034	0	0	0	0	0	0.068	0	0.470	0.485
PGR	S100A6	9606.ENSP00000325120	9606.ENSP00000357709	0	0	0	0	0	0	0	0.741	0.741
PHYHIP	TRIP6	9606.ENSP00000415491	9606.ENSP00000200457	0	0	0	0	0	0.470	0	0	0.470
PITX2	TCF21	9606.ENSP00000304169	9606.ENSP00000356857	0	0	0	0	0	0	0	0.421	0.421
PLN	SGCG	9606.ENSP00000350132	9606.ENSP00000218867	0	0	0	0	0.065	0	0	0.407	0.422
PPARGC1A	SOD3	9606.ENSP00000264867	9606.ENSP00000371554	0	0	0	0	0.070	0	0	0.722	0.730
PPP1R14A	PRKCB	9606.ENSP00000301242	9606.ENSP00000305355	0	0	0	0	0	0.076	0.900	0.181	0.917
PPP1R14C	PRTFDC1	9606.ENSP00000355260	9606.ENSP00000318602	0	0	0	0	0	0	0	0.605	0.605
PPP1R1A	SLC2A5	9606.ENSP00000257905	9606.ENSP00000366641	0	0	0	0	0.049	0	0	0.562	0.565
PPP1R3C	PYGL	9606.ENSP00000238994	9606.ENSP00000216392	0	0	0	0	0.108	0.139	0	0.436	0.529
PRDM5	PRDM8	9606.ENSP00000264808	9606.ENSP00000339764	0	0	0	0	0	0.076	0	0.615	0.629
PRICKLE2	SEMA6D	9606.ENSP00000295902	9606.ENSP00000324857	0	0	0	0	0.106	0	0	0.638	0.662
PROK1	SERPINF1	9606.ENSP00000271331	9606.ENSP00000254722	0	0	0	0	0.062	0	0	0.433	0.446
PROK1	TMEM79	9606.ENSP00000271331	9606.ENSP00000384748	0	0	0	0	0	0	0	0.440	0.440
PROM1	SNAI2	9606.ENSP00000426809	9606.ENSP00000380034	0	0	0	0	0	0	0	0.623	0.623
PTGDS	PTGIS	9606.ENSP00000360687	9606.ENSP00000244043	0	0	0	0	0	0	0.900	0.571	0.955
PTGDS	SERPINF1	9606.ENSP00000360687	9606.ENSP00000254722	0	0	0	0	0.213	0.400	0	0.231	0.605
PTGDS	TNC	9606.ENSP00000360687	9606.ENSP00000265131	0	0	0	0	0	0	0	0.435	0.435
PTGIS	VGLL3	9606.ENSP00000244043	9606.ENSP00000381436	0	0	0	0	0.107	0	0	0.363	0.408
RASL12	SOD3	9606.ENSP00000220062	9606.ENSP00000371554	0	0	0	0	0.182	0.177	0	0.207	0.419
RASL12	RND3	9606.ENSP00000220062	9606.ENSP00000364886	0	0	0	0	0	0.150	0	0.364	0.436
RND3	VCL	9606.ENSP00000364886	9606.ENSP00000211998	0	0	0	0	0.079	0.095	0	0.414	0.469
RNF128	SLITRK6	9606.ENSP00000255499	9606.ENSP00000383143	0	0	0	0	0.065	0	0	0.456	0.470
RUNDC3B	ZNF655	9606.ENSP00000337732	9606.ENSP00000393876	0	0	0	0	0	0	0	0.405	0.405
S100A14	S100A4	9606.ENSP00000357691	9606.ENSP00000357705	0	0	0	0	0.065	0	0	0.533	0.545
S100A14	S100A6	9606.ENSP00000357691	9606.ENSP00000357709	0	0	0	0	0.065	0	0	0.561	0.571
S100A4	SNAI2	9606.ENSP00000357705	9606.ENSP00000380034	0	0	0	0	0.062	0	0	0.556	0.565
S100A4	S100A6	9606.ENSP00000357705	9606.ENSP00000357709	0	0	0	0.942	0.730	0.128	0	0.778	0.765
SBSPON	SPON1	9606.ENSP00000297354	9606.ENSP00000460236	0	0	0	0	0	0	0.900	0	0.900
SBSPON	THSD4	9606.ENSP00000297354	9606.ENSP00000347484	0	0	0	0	0	0	0.900	0.041	0.900
SCGB1A1	SCGB2A1	9606.ENSP00000278282	9606.ENSP00000244930	0	0	0	0	0	0	0	0.706	0.706
SCGB1A1	SCGB3A1	9606.ENSP00000278282	9606.ENSP00000292641	0	0	0	0	0.226	0	0	0.679	0.741
SCGB3A1	SMOC1	9606.ENSP00000292641	9606.ENSP00000355110	0	0	0	0	0	0	0	0.503	0.503
SCN4B	SCN7A	9606.ENSP00000322460	9606.ENSP00000386796	0	0	0	0	0.062	0	0.800	0.481	0.894
SEMA6D	WIF1	9606.ENSP00000324857	9606.ENSP00000286574	0	0	0	0	0.089	0	0	0.454	0.482
SERPINB5	TIMP3	9606.ENSP00000372221	9606.ENSP00000266085	0	0	0	0	0	0	0	0.502	0.502
SERPINB5	TSLP	9606.ENSP00000372221	9606.ENSP00000339804	0	0	0	0	0	0	0	0.527	0.527
SERPINB5	TRIM29	9606.ENSP00000372221	9606.ENSP00000343129	0	0	0	0	0.530	0	0	0.042	0.531
SFMBT2	SLITRK6	9606.ENSP00000380353	9606.ENSP00000383143	0	0	0	0	0	0	0	0.450	0.450
SFMBT2	SLC38A4	9606.ENSP00000380353	9606.ENSP00000389843	0	0	0	0	0	0	0	0.627	0.627
SGCA	SGCG	9606.ENSP00000262018	9606.ENSP00000218867	0	0	0	0	0.146	0.105	0.540	0.941	0.976
SGCG	TPM2	9606.ENSP00000218867	9606.ENSP00000367542	0	0	0	0	0.065	0	0	0.443	0.457
SMOC1	SPOCK3	9606.ENSP00000355110	9606.ENSP00000349677	0	0	0	0	0.070	0	0	0.755	0.762
SNAI2	TGFB3	9606.ENSP00000380034	9606.ENSP00000238682	0	0	0	0	0.063	0	0	0.470	0.483
SNAI2	TCF21	9606.ENSP00000380034	9606.ENSP00000356857	0	0	0	0	0.071	0.100	0	0.425	0.477
SOSTDC1	WIF1	9606.ENSP00000304930	9606.ENSP00000286574	0	0	0	0	0.110	0	0	0.504	0.540
SPOCK3	VSNL1	9606.ENSP00000349677	9606.ENSP00000384719	0	0	0	0	0.212	0	0	0.518	0.604
SPON1	THSD4	9606.ENSP00000460236	9606.ENSP00000347484	0	0	0	0.550	0.076	0	0.900	0.085	0.905
TGFB1I1	VCL	9606.ENSP00000378332	9606.ENSP00000211998	0	0	0	0	0.086	0.519	0	0.848	0.927
TGFB3	TGFBR3	9606.ENSP00000238682	9606.ENSP00000212355	0	0	0	0	0.062	0.663	0.900	0.719	0.989
TGFB3	TIMP3	9606.ENSP00000238682	9606.ENSP00000266085	0	0	0	0	0.096	0.069	0	0.360	0.414
TPM2	VCL	9606.ENSP00000367542	9606.ENSP00000211998	0	0	0	0	0.162	0.230	0.600	0.399	0.824
TRIP6	VCL	9606.ENSP00000200457	9606.ENSP00000211998	0	0	0	0	0.140	0.297	0	0.770	0.849
TSHZ3	ZNF536	9606.ENSP00000240587	9606.ENSP00000347730	0	0	0	0	0.058	0	0	0.468	0.477
WFDC1	WFDC2	9606.ENSP00000219454	9606.ENSP00000361761	0	0	0	0	0	0	0	0.415	0.415
